Carimbo de data/hora;Em que ano(s) seu(s) filho(s) est√°(√£o) matriculado(s) no CEMEL?;H√° quanto tempo seu(s) filho(s) estuda(m) no CEMEL?;Como voc√™ avalia a qualidade do ensino oferecido pelo CEMEL?;Em que grau voc√™ percebe o desenvolvimento acad√™mico e pessoal do seu filho no CEMEL?;A metodologia pedag√≥gica da escola atende √†s necessidades do seu filho?;Como voc√™ avalia o relacionamento e compet√™ncia dos professores e coordena√ß√£o?;Como voc√™ avalia a comunica√ß√£o da escola com as fam√≠lias?;Quais canais de comunica√ß√£o voc√™ mais utiliza para se comunicar com a escola?;A frequ√™ncia de comunica√ß√£o da escola √©:;As informa√ß√µes transmitidas pela escola s√£o claras e objetivas?;Como voc√™ avalia as instala√ß√µes f√≠sicas do CEMEL?;Os recursos pedag√≥gicos (materiais, tecnologia, biblioteca) s√£o adequados?;Como voc√™ avalia a seguran√ßa oferecida pela escola?;Como voc√™ avalia o atendimento da secretaria/administrativo?;Quando voc√™ tem alguma d√∫vida ou problema, a escola resolve de forma:;A dire√ß√£o da escola est√° dispon√≠vel quando necess√°rio?;Como voc√™ avalia o custo-benef√≠cio do CEMEL?;Quais s√£o os principais diferenciais que voc√™ enxerga no CEMEL?;Em uma escala de 0 a 10, qual a probabilidade de voc√™ recomendar o CEMEL para outras fam√≠lias?;Qual sua inten√ß√£o para a rematr√≠cula de 2026?;Quais fatores est√£o influenciando sua d√∫vida ou decis√£o de n√£o renovar?;O que o CEMEL faz de MELHOR na sua opini√£o?;O que o CEMEL poderia MELHORAR?;Voc√™ tem alguma sugest√£o espec√≠fica para a escola?;Gostaria de compartilhar mais alguma coisa conosco?
20/08/2025 14:38:13;Educa√ß√£o Infantil - Pr√© II;Entre 2 a 4 anos;Excelente;Muito acima das expectativas;Atende completamente;Excelente;Excelente;WhatsApp, Agenda escolar;Excessiva;Sempre;Excelente;Muito adequados;Excelente;Excelente;Muito r√°pida e eficiente;Sempre;Excelente;Qualidade do ensino, Aten√ß√£o individualizada, Valores e princ√≠pios, Infraestrutura, Relacionamento fam√≠lia-escola, Metodologia pedag√≥gica, Tradi√ß√£o e credibilidade, Localiza√ß√£o, Atividades extracurriculares;10;J√° decidi renovar a matr√≠cula;;O Ensino e a metodologia. ;N√£o h√°.;n√£o ;
20/08/2025 14:39:56;Ensino Fundamental - 4¬∫ ano;5 anos ou mais;Muito bom;Acima das expectativas;Atende completamente;Muito bom;Muito boa;WhatsApp;Adequada;Sempre;Muito boa;Adequados;Muito boa;Muito bom;R√°pida e eficiente;Sempre;Excelente;Qualidade do ensino, Aten√ß√£o individualizada, Valores e princ√≠pios, Infraestrutura, Relacionamento fam√≠lia-escola, Metodologia pedag√≥gica, Tradi√ß√£o e credibilidade, Localiza√ß√£o;10;J√° decidi renovar a matr√≠cula;;Conciliar educa√ß√£o infantil com princ√≠pios ;As aulas de inform√°tica, poderiam ter mais conte√∫dos do que jogos ;Aprimorar o ensino de inform√°tica ;
20/08/2025 14:40:04;Ensino Fundamental - 1¬∫ ano;Entre 2 a 4 anos;Bom;Dentro das expectativas;√â adequada;Bom;Muito boa;WhatsApp, Agenda escolar;Adequada;Sempre;Muito boa;Adequados;Boa;Bom;R√°pida e eficiente;Sempre;Excelente;Valores e princ√≠pios, Relacionamento fam√≠lia-escola;10;Provavelmente vou renovar;;Eventos aos alunos;Sistema de avalia√ß√£o;;
20/08/2025 14:42:29;Educa√ß√£o Infantil - Pr√© I;Entre 2 a 4 anos;Bom;Dentro das expectativas;Precisa de ajustes;Regular;Precisa melhorar;WhatsApp, Agenda escolar, Reuni√µes presenciais;Insuficiente;Na maioria das vezes;Precisa melhorar;Parcialmente adequados;Muito boa;Precisa melhorar;Adequada;Na maioria das vezes;Muito bom;Valores e princ√≠pios, Tradi√ß√£o e credibilidade, Localiza√ß√£o;8;J√° decidi renovar a matr√≠cula;;O ponto mais forte do CEMEL √© o ambiente acolhedor, que motiva as crian√ßas a aprenderem de forma leve e prazerosa;Acredito que o CEMEL poderia melhorar no sentido de oferecer um ensino mais individualizado e manter uma comunica√ß√£o mais pr√≥xima entre professores e pais, principalmente para identificar onde cada crian√ßa apresenta maior dificuldade. Por exemplo, no caso do meu filho Matteo, percebemos que ele tem dificuldade em segurar o l√°pis ‚Äî algo que foi identificado por profissionais externos (fonoaudi√≥loga, pais e psic√≥loga), mas n√£o pela escola. Uma comunica√ß√£o mais clara e eficiente certamente contribuiria muito para o desenvolvimento das crian√ßas.;;
20/08/2025 14:42:47;Ensino Fundamental - 3¬∫ ano;Entre 2 a 4 anos;Excelente;Acima das expectativas;Atende completamente;Excelente;Excelente;WhatsApp, Agenda escolar;Adequada;Na maioria das vezes;Muito boa;Adequados;Muito boa;Excelente;Muito r√°pida e eficiente;Sempre;Excelente;Qualidade do ensino, Valores e princ√≠pios, Relacionamento fam√≠lia-escola;10;J√° decidi renovar a matr√≠cula;;Ensino ;N√£o tenho nada em mente ;;
20/08/2025 14:51:18;Ensino Fundamental - 2¬∫ ano, Ensino Fundamental - 3¬∫ ano;Entre 2 a 4 anos;Muito bom;Dentro das expectativas;Atende completamente;Muito bom;Muito boa;WhatsApp, Agenda escolar, Reuni√µes presenciais;Adequada;Sempre;Muito boa;Adequados;Muito boa;Muito bom;R√°pida e eficiente;Sempre;Muito bom;Qualidade do ensino, Aten√ß√£o individualizada, Valores e princ√≠pios, Tradi√ß√£o e credibilidade, Localiza√ß√£o;10;Ainda estou avaliando;Quest√µes financeiras;O ensino √© bem avan√ßado e aten√ß√£o e paci√™ncia com as crian√ßas ;Poderia contratar professores mais experientes;Como mencionei a cima poderia contratar professores mais experientes ;Nao
20/08/2025 14:54:16;Ensino Fundamental - 1¬∫ ano, Ensino Fundamental - 6¬∫ ao 9¬∫ ano;5 anos ou mais;Muito bom;Acima das expectativas;Atende parcialmente;Muito bom;Excelente;WhatsApp;Adequada;Sempre;Boa;Adequados;Muito boa;Muito bom;R√°pida e eficiente;Sempre;Muito bom;Qualidade do ensino, Aten√ß√£o individualizada, Valores e princ√≠pios, Relacionamento fam√≠lia-escola, Metodologia pedag√≥gica, Tradi√ß√£o e credibilidade;10;Provavelmente vou renovar;;Organiza√ß√£o, cuidado, aten√ß√£o na rela√ß√£o fam√≠lia e escola ;Estrutura f√≠sica ;Que os professores entreguem todas as atividades devidamente corrigidas no final de cada bimestre, em todas as s√©ries! ;Somente agradecer pelo empenho e dedica√ß√£o de toda equipe! 
20/08/2025 14:57:36;Educa√ß√£o Infantil - Pr√© I, Ensino Fundamental - 1¬∫ ano;Entre 2 a 4 anos;Excelente;Acima das expectativas;Atende completamente;Excelente;Excelente;WhatsApp;Adequada;Sempre;Muito boa;Adequados;Excelente;Muito bom;R√°pida e eficiente;Sempre;Bom;Qualidade do ensino, Aten√ß√£o individualizada, Valores e princ√≠pios, Relacionamento fam√≠lia-escola, Metodologia pedag√≥gica;10;J√° decidi renovar a matr√≠cula;;Al√©m do ensino que √© muito bom. A escola tem uma √≥tima comunica√ß√£o com os pais e tem bastante eventos que nos envolve tamb√©m.;....;....;....
20/08/2025 15:03:44;Ensino Fundamental - 4¬∫ ano;5 anos ou mais;Excelente;Muito acima das expectativas;Atende completamente;Excelente;Excelente;WhatsApp;Excessiva;Sempre;Excelente;Muito adequados;Excelente;Excelente;Muito r√°pida e eficiente;Sempre;Excelente;Valores e princ√≠pios;10;J√° decidi renovar a matr√≠cula;;Nada! J√° s√£o excelente ;Pegar pesado com as crian√ßas no aprendizado ;N√£o ;
20/08/2025 15:05:29;Ensino Fundamental - 6¬∫ ao 9¬∫ ano;5 anos ou mais;Muito bom;Dentro das expectativas;Atende completamente;Muito bom;Excelente;WhatsApp;Adequada;Sempre;Boa;Adequados;Boa;Excelente;Muito r√°pida e eficiente;Sempre;Muito bom;Aten√ß√£o individualizada, Valores e princ√≠pios, Relacionamento fam√≠lia-escola, Metodologia pedag√≥gica, Localiza√ß√£o;10;Ainda estou avaliando;Outro;Aten√ß√£o individual com o aluno, ensino de forma geral ;Os professores e mais li√ß√£o de casa para o aluno nao ficar t√£o disperso.;n√£o.;Somente agradecer por tantos anos de parceira e compreens√£o com meu filho e fam√≠lia, detalhes de melhoria s√£o poucos, perto do imenso cuidado, aten√ß√£o e educa√ß√£o que passaram ao longo dos anos. OBRIGADA!
20/08/2025 15:41:05;Ensino Fundamental - 2¬∫ ano;Entre 2 a 4 anos;Muito bom;Acima das expectativas;Atende completamente;Muito bom;Excelente;WhatsApp, Agenda escolar, Reuni√µes presenciais;Adequada;Sempre;Muito boa;Adequados;Muito boa;Muito bom;R√°pida e eficiente;Sempre;Bom;Aten√ß√£o individualizada, Valores e princ√≠pios, Relacionamento fam√≠lia-escola, Metodologia pedag√≥gica, Localiza√ß√£o, Atividades extracurriculares;10;J√° decidi renovar a matr√≠cula;;A rela√ß√£o fam√≠lia + escola, acho a comunica√ß√£o muito boa, assertiva, o cuidado e aten√ß√£o com o aluno. A escola conhece n√£o apenas a crian√ßa, mas a fam√≠lia, isso traz um pouco mais de seguran√ßa.;Estender o hor√°rio de buscar a crian√ßa a tarde (at√© as 18h00) / Feirinha - mesmo com o valor do integral enviamos a feirinha semanal;Estender o hor√°rio de buscar as crian√ßas at√© as 18h00.;N√£o, apenas isso.
20/08/2025 15:43:11;Educa√ß√£o Infantil - Maternal, Educa√ß√£o Infantil - Pr√© II;Entre 2 a 4 anos;Bom;Dentro das expectativas;Atende parcialmente;Excelente;Excelente;WhatsApp, Agenda escolar;Adequada;Sempre;Regular;Adequados;Precisa melhorar;Muito bom;R√°pida e eficiente;Sempre;Bom;Qualidade do ensino, Aten√ß√£o individualizada, Valores e princ√≠pios, Relacionamento fam√≠lia-escola, Metodologia pedag√≥gica, Tradi√ß√£o e credibilidade;8;J√° decidi renovar a matr√≠cula;;Gostaria que a escola tivesse aulas de ingl√™s com mais frequ√™ncia, pois considero fundamental desde os primeiros anos. As aulas de esporte, como o futebol, que foram canceladas, tamb√©m s√£o muito importantes e deveriam ser mantidas. Tenho uma filha no maternal e sinto falta de atividades esportivas ou de dan√ßa para essa faixa et√°ria. Al√©m disso, acredito que algumas datas comemorativas poderiam ser realizadas no fim de semana, para que os pais consigam participar mais ativamente;se destaca pela aten√ß√£o e proximidade com as crian√ßas e fam√≠lias. Conhecem cada aluno pelo nome, sempre atentos aos recados e prontos para resolver qualquer situa√ß√£o quando precisamos. Essa parceria escola e fam√≠lia faz toda a diferen√ßa.;Minha sugest√£o seria investir um pouco mais na estrutura da escola, especialmente no parque e nos itens de seguran√ßa. Seria uma melhoria importante para complementar o excelente ensino e aten√ß√£o que j√° s√£o oferecidos.;Gostaria que a escola tivesse aulas de ingl√™s com mais frequ√™ncia, pois considero fundamental desde os primeiros anos. As aulas de esporte, como o futebol, que foram canceladas, tamb√©m s√£o muito importantes e deveriam ser mantidas. Tenho uma filha no maternal e sinto falta de atividades esportivas ou de dan√ßa para essa faixa et√°ria. Al√©m disso, acredito que algumas datas comemorativas poderiam ser realizadas no fim de semana, para que os pais consigam participar mais ativamente.
20/08/2025 15:48:22;Ensino Fundamental - 6¬∫ ao 9¬∫ ano;5 anos ou mais;Excelente;Dentro das expectativas;√â adequada;Regular;Muito boa;WhatsApp, Reuni√µes presenciais, Telefone;Adequada;Sempre;Muito boa;Parcialmente adequados;Boa;Muito bom;Adequada;Sempre;Excelente;Valores e princ√≠pios, Relacionamento fam√≠lia-escola, Tradi√ß√£o e credibilidade, Localiza√ß√£o, Atividades extracurriculares;10;J√° decidi renovar a matr√≠cula;;Valores morais ;Ilumina√ß√£o nas salas, banheiros ;Banheiros ;
20/08/2025 15:52:06;Ensino Fundamental - 1¬∫ ano;5 anos ou mais;Excelente;Dentro das expectativas;Atende completamente;Excelente;Excelente;WhatsApp;Adequada;Sempre;Muito boa;Adequados;Muito boa;Excelente;R√°pida e eficiente;Na maioria das vezes;Muito bom;Qualidade do ensino, Valores e princ√≠pios, Relacionamento fam√≠lia-escola, Localiza√ß√£o;10;Provavelmente vou renovar;;Acho q agente tem uma aproximidade maior com os proficional ,isso √© bom q agente consegue sabe melhor do nosso filho ;N√£o tenho o que dizer n√£o √© uma boa escola;As aulas de bal√© poderia ser mais de bal√© cl√°ssico n√£o s√≥ dan√ßa ;Nao
20/08/2025 16:24:00;Ensino Fundamental - 6¬∫ ao 9¬∫ ano;5 anos ou mais;Excelente;Dentro das expectativas;Atende completamente;Excelente;Excelente;WhatsApp, Telefone;Adequada;Sempre;Excelente;Adequados;Excelente;Excelente;Muito r√°pida e eficiente;Sempre;Muito bom;Qualidade do ensino, Valores e princ√≠pios, Infraestrutura, Relacionamento fam√≠lia-escola, Metodologia pedag√≥gica, Tradi√ß√£o e credibilidade;10;J√° decidi renovar a matr√≠cula;;Tudo;Nada;;
20/08/2025 16:47:02;Ensino Fundamental - 2¬∫ ano;Entre 2 a 4 anos;Muito bom;Dentro das expectativas;Atende completamente;Muito bom;Boa;WhatsApp;Adequada;Sempre;Boa;Adequados;Boa;Bom;R√°pida e eficiente;Sempre;Bom;Qualidade do ensino, Infraestrutura, Relacionamento fam√≠lia-escola, Metodologia pedag√≥gica, Localiza√ß√£o, Atividades extracurriculares;8;Provavelmente vou renovar;;"Gosto da equipe do Cemel. Professores, coordenadores, colaboradores...enfim, das pessoas que fazem a escola. S√£o atenciosas, cuidadosas, bem preparadas. 

Considero a escola bastante acolhedora e atenta com o que est√° acontecendo no mundo e no seu entorno.";"H√° bolas divididas que podem ser evitadas. A interven√ß√£o de religiosos em eventos das crian√ßas √© - ao meu ver - desnecess√°ria.  

Quanto mais plural a escola for. Quanto mais distante da religi√£o A, B ou C estiver, melhor ser√° para falar - quando necess√°rio - de todas com isen√ß√£o e respeito.
";"Crian√ßa precisa ter repert√≥rio. 

Por isso, nos eventos, poderiam se apresentar ao som de cl√°ssicos do cancioneiro popular (outro dia um menino fez uma apresenta√ß√£o incr√≠vel de saxofone com a musica ""Como √© Grande o meu Amor por Voc√™""). 

As m√∫sicas atuais s√£o importantes? Sem d√∫vidas! Mas essas os pequenos j√° ouvem na rede social, em casa, no carro, na rua...

";N√£o, apenas isso. Agrade√ßo pelo cuidado e dedica√ß√£o com a minha pequena. 
20/08/2025 17:09:38;Ensino Fundamental - 4¬∫ ano;Este √© o primeiro ano (2025);Bom;Dentro das expectativas;√â adequada;Muito bom;Muito boa;WhatsApp, Agenda escolar, Reuni√µes presenciais;Adequada;Sempre;Boa;Adequados;Muito boa;Muito bom;Adequada;Na maioria das vezes;Muito bom;Qualidade do ensino, Aten√ß√£o individualizada, Relacionamento fam√≠lia-escola, Atividades extracurriculares;9;J√° decidi renovar a matr√≠cula;;Aten√ß√£o com o aluno, estou gostando bastante do carinho aten√ß√£o que a escola oferece aos alunos .;Eu gostaria que escola tivesse mais espa√ßo para os alunos fazer aulas de esporte a√≠ na escola mesmo , seria bem legal .;Que fosse em uma estrutura maior e oferecer os curso de esporte a√≠ mesmo na escola , nata√ß√£o por exemplo. ;Poderiam ter aula de matem√°tica particular ? 
20/08/2025 17:33:21;Ensino Fundamental - 1¬∫ ano, Ensino Fundamental - 4¬∫ ano;Entre 2 a 4 anos;Excelente;Acima das expectativas;Atende completamente;Muito bom;Regular;WhatsApp, Agenda escolar, Reuni√µes presenciais, Telefone;Adequada;Na maioria das vezes;Muito boa;Adequados;Boa;Excelente;R√°pida e eficiente;Sempre;Muito bom;Qualidade do ensino, Valores e princ√≠pios, Relacionamento fam√≠lia-escola, Metodologia pedag√≥gica, Tradi√ß√£o e credibilidade, Atividades extracurriculares, Escola com tradi√ß√£o e cultura ;9;Provavelmente vou renovar;;N√£o s√≥ d√£o o ensinamento de uma escola comum, amo os trabalhos sociais e esses ensinamentos pras crian√ßas, ensinam valores tbm. Acho que deveriam fazer mais esses trabalhos e envolver as crian√ßas tbm com arrecada√ß√£o de alimentos roupas brinquedos pra eles terem no√ß√£o da vida;Poderiam se adiantar mais com eventos na escola os recados vem mto em cima. Cantina mais controle com conta ou n√£o ter conta a n√£o ser qndo o respons√°vel ligue na escola autorizando a pegar o alimento ;"Poderia ter uma campanha com a editora que fornece as apostilas pra conseguir descontos com a arrecada√ß√£o das apostilas antigas pra reciclagens. 
Acho que poderia ter algum psicopedagoga na escola pra ter uma aula espec√≠fica com as crian√ßas pra ajudar os pais a identificar problemas e at√© pra ver como anda o emocional das crian√ßas 
";A escola cemel pra mim n√£o √© uma empresa e sim uma fam√≠lia que me acolheu com mto carinho. Pretendo ficar com meus filhos a√≠ at√© o nono ano e depois pretendemos tentar uma Etec.
20/08/2025 18:09:19;Ensino Fundamental - 6¬∫ ao 9¬∫ ano;Este √© o primeiro ano (2025);Excelente;Acima das expectativas;Atende completamente;Muito bom;Excelente;WhatsApp;Adequada;Sempre;Muito boa;Adequados;Muito boa;Excelente;Muito r√°pida e eficiente;Sempre;Excelente;Qualidade do ensino, Aten√ß√£o individualizada, Valores e princ√≠pios, Infraestrutura, Relacionamento fam√≠lia-escola, Metodologia pedag√≥gica, Tradi√ß√£o e credibilidade, Localiza√ß√£o, Atividades extracurriculares;10;J√° decidi renovar a matr√≠cula;;Educa√ß√£o sem ideologia ;Infraestrutura ;;
20/08/2025 18:49:50;Educa√ß√£o Infantil - Pr√© II;Entre 2 a 4 anos;Muito bom;Acima das expectativas;Atende parcialmente;Muito bom;Muito boa;WhatsApp, Telefone;Adequada;Na maioria das vezes;Muito boa;Adequados;Boa;Muito bom;R√°pida e eficiente;Sempre;Excelente;Aten√ß√£o individualizada, Relacionamento fam√≠lia-escola;9;Ainda estou avaliando;Quest√µes financeiras;Transpar√™ncia, sempre procuram uma forma de ajudar.;Mais atividades extracurriculares ;Mais atividades ;N√£o 
20/08/2025 18:55:44;Ensino Fundamental - 1¬∫ ano, Ensino Fundamental - 6¬∫ ao 9¬∫ ano;5 anos ou mais;Muito bom;Acima das expectativas;√â adequada;Excelente;Excelente;WhatsApp, Agenda escolar, Reuni√µes presenciais, Telefone, Recados via aluno, Pessoalmente;Adequada;Sempre;Boa;Adequados;Excelente;Excelente;Muito r√°pida e eficiente;Sempre;Bom;Qualidade do ensino, Aten√ß√£o individualizada, Valores e princ√≠pios, Relacionamento fam√≠lia-escola, Metodologia pedag√≥gica, Tradi√ß√£o e credibilidade, Localiza√ß√£o, Atividades extracurriculares;10;Provavelmente vou renovar;;Ser uma escola familiar e de confian√ßa;Quadra. Algum modo de cobrir do lado para os dias de chuva. Estrutura elevada para as apresenta√ß√µes.;Sim. Acima;N√£o 
20/08/2025 20:13:14;Ensino Fundamental - 4¬∫ ano;Entre 2 a 4 anos;Muito bom;Dentro das expectativas;Atende completamente;Bom;Muito boa;WhatsApp, Agenda escolar, Reuni√µes presenciais;Adequada;Sempre;Boa;Adequados;Muito boa;Bom;Adequada;Na maioria das vezes;Bom;Qualidade do ensino, Relacionamento fam√≠lia-escola, Metodologia pedag√≥gica, Tradi√ß√£o e credibilidade, Atividades extracurriculares;10;Provavelmente vou renovar;;Tem um ensino de qualidade;Infraestrutura e tecnologia ;Troca de equipamentos de inform√°tica ;Quero agradecer pelo bom trabalho no desenvolvimento, e carinho com meu filho 
20/08/2025 20:24:56;Ensino Fundamental - 4¬∫ ano;Entre 2 a 4 anos;Muito bom;Acima das expectativas;Atende completamente;Excelente;Excelente;WhatsApp, Reuni√µes presenciais;Adequada;Sempre;Boa;Adequados;Muito boa;Muito bom;R√°pida e eficiente;Sempre;Muito bom;Qualidade do ensino, Valores e princ√≠pios, Relacionamento fam√≠lia-escola, Metodologia pedag√≥gica, Tradi√ß√£o e credibilidade, Localiza√ß√£o;10;Provavelmente vou renovar;;Cuidado e aten√ß√£o com cada aluno ;Melhorar nos custos de materiais e uniforme;;
20/08/2025 23:55:18;Ensino Fundamental - 4¬∫ ano;5 anos ou mais;Muito bom;Dentro das expectativas;Atende completamente;Bom;Muito boa;WhatsApp;Adequada;Na maioria das vezes;Muito boa;Adequados;Muito boa;Muito bom;Adequada;Na maioria das vezes;Muito bom;Qualidade do ensino, Aten√ß√£o individualizada, Valores e princ√≠pios, Relacionamento fam√≠lia-escola;9;J√° decidi renovar a matr√≠cula;;O contato da fam√≠lia com a escola e dire√ß√£o ;Atendimento para os pais com a secret√°ria ;;
21/08/2025 11:10:19;Ensino Fundamental - 2¬∫ ano;Entre 2 a 4 anos;Excelente;Acima das expectativas;Atende completamente;Bom;Excelente;WhatsApp, Agenda escolar, Reuni√µes presenciais, Telefone;Adequada;Sempre;Muito boa;Adequados;Boa;Muito bom;Muito r√°pida e eficiente;Sempre;Bom;Qualidade do ensino, Valores e princ√≠pios, Relacionamento fam√≠lia-escola, Atividades extracurriculares;9;J√° decidi renovar a matr√≠cula;;Comunica√ß√£o, ensino e aten√ß√£o.;Nos eventos, contar com algu√©m atuando como ‚Äúseguran√ßa/porteiro‚Äù faz toda a diferen√ßa. No evento do Dia das M√£es, havia um senhor na entrada nos auxiliando e isso me trouxe mais seguran√ßa e conforto, por saber que havia algu√©m cuidando do acesso.;"Tecnologias educacionais: implementar recursos como rob√≥tica e programa√ß√£o para ampliar as oportunidades de aprendizado.

Seguran√ßa: contar com um controlador de acesso na entrada principal.

Comunica√ß√£o com os pais: disponibilizar um aplicativo que permita intera√ß√£o entre pais e docentes (ex.: Remind, TalkingPoints, SchoolStatus, Schoology, Dyknow Classroom).

Transpar√™ncia: se poss√≠vel, liberar o acesso √† c√¢mera da sala de aula do aluno.";"Esse ano tenho percebido que a Isabelly est√° mais distra√≠da nos estudos e conversando bastante em sala, algo que em anos anteriores n√£o v√≠amos com tanta frequ√™ncia. J√° estamos tomando algumas provid√™ncias em casa para tentar reduzir essas distra√ß√µes, mas n√£o sei dizer se, antes, os outros professores tinham uma forma diferente de lidar com ela. Tamb√©m percebo que a professora atual tem encontrado certa dificuldade em prender a aten√ß√£o dela, e que as li√ß√µes de casa n√£o t√™m vindo com regularidade. Quando chegam, muitas vezes n√≥s, pais, temos dificuldade em ajudar, pois se tratam de conte√∫dos vistos em aula, sem uma indica√ß√£o clara no livro para servir de refer√™ncia.

De resto, voc√™s continuam sendo nota 1.000.000! O Thiag√£o, ent√£o, dispensa coment√°rios: sempre atencioso, chamando os pais pelo nome e criando proximidade com as fam√≠lias. Esse cuidado faz toda a diferen√ßa."
21/08/2025 12:15:09;Educa√ß√£o Infantil - Maternal, Educa√ß√£o Infantil - Pr√© I;Este √© o primeiro ano (2025);Precisa melhorar;Dentro das expectativas;Precisa de ajustes;Muito bom;Precisa melhorar;Agenda escolar;Adequada;Na maioria das vezes;Muito boa;Parcialmente adequados;Boa;Excelente;Adequada;Sempre;Regular;Infraestrutura;5;J√° decidi n√£o renovar;Insatisfa√ß√£o com o ensino, Problemas de comunica√ß√£o, Busca por escola com metodologia diferente;O que mais me agrada na Cemel √© a estrutura da escola! ;A comunica√ß√£o di√°ria, desde o come√ßo do ano nunca recebi fotos/v√≠deos das minhas crian√ßas em atividades, nem fotos do passeio no Animalia Park n√£o recebi. N√£o tem um grupo de WhatsApp da sala para partirmos remotamente do dia a dia das crian√ßas. ;Repensar o calend√°rio escolar, pq emendar feriados √© um terror para os pais que n√£o tem essa op√ß√£o. E as oficinas fora do hor√°rio de aula inviabiliza a participa√ß√£o dos alunos. ;
21/08/2025 16:07:22;Ensino Fundamental - 6¬∫ ao 9¬∫ ano;5 anos ou mais;Regular;Dentro das expectativas;Atende parcialmente;Regular;Regular;WhatsApp;Adequada;Raramente;Regular;Parcialmente adequados;Regular;Bom;Adequada;√Äs vezes;Bom;Relacionamento fam√≠lia-escola, ;7;J√° decidi n√£o renovar;Insatisfa√ß√£o com o ensino;Gostaria que todas as perguntes fossem dissertativas. Mas por muito tempo achei que o melhor do Cemel era a rela√ß√£o entre fam√≠lia e escola, mas na verdade n√£o √©! O foco da escola √© inteiramente financeiro.;Relacionamento com os alunos, menos preconceito principalmente por parte da Dona Laurinete em especial com as meninas! Parar com a mania de sexualizar tudo e todos (provavelmente as m√£es das meninas do Fund I com o tempo tenham a mesma sensa√ß√£o, pq qdo s√£o pequenas tudo √© lindo), e claro o ensino, minha filha √© uma excelente aluna na Institui√ß√£o por√©m em provas externas n√£o se saiu bem pq o conte√∫do dado √© aqu√©m dos dados em outras escolas particulares. O valor que cobram hoje em uma vaga integral n√£o vale a experi√™ncia, se n√£o fosse o Educa mais Brasil com certeza n√£o seria uma op√ß√£o deixa-l√° na escola para termino com as amigas e formatura.;Parar com falso moralismo.;Me decepcionei e entristeci inteiramente com a escola, acredito que n√£o preciso descrever o fat√≠dico evento, e que ap√≥s pensei pensei e pude enxergar diversos outros momentos que que foram completamente descabidos.  
22/08/2025 22:07:50;Ensino Fundamental - 6¬∫ ao 9¬∫ ano;Entre 2 a 4 anos;Muito bom;Acima das expectativas;√â adequada;Muito bom;Muito boa;WhatsApp, Reuni√µes presenciais, Telefone, Recados via aluno, Instagram ;Adequada;Sempre;Boa;Adequados;Excelente;Excelente;Muito r√°pida e eficiente;Sempre;Muito bom;Qualidade do ensino, Aten√ß√£o individualizada, Valores e princ√≠pios, Relacionamento fam√≠lia-escola, Metodologia pedag√≥gica, Tradi√ß√£o e credibilidade, Localiza√ß√£o, Atividades extracurriculares;10;J√° decidi renovar a matr√≠cula;;Aten√ß√£o individualizada aos alunos, atividades multidisciplinares e extracurriculares, desenvolvimento e aproveitamento dos alunos por meio dos podcast, apresenta√ß√£o de trabalhos, jornais e etc, o aluno tem voz.;"Infraestrutura dos banheiros, quem sabe a constru√ß√£o de mais banheiros, talvez as trocas por lousas brancas pois ocasiona menos alergias do p√≥ de giz e maior visibilidade.
";Sugest√£o, constru√ß√£o de novos banheiros onde era a casa que foi demolida.;"Sugest√£o, ter dispon√≠vel mais dicion√°rios de ingl√™s, pois na sala de aula a professora disponibiliza apenas dois para toda a classe. Dificultando a realiza√ß√£o das atividades.
"
25/08/2025 11:34:01;Ensino Fundamental - 6¬∫ ao 9¬∫ ano;5 anos ou mais;Muito bom;Abaixo das expectativas;√â adequada;Muito bom;Excelente;WhatsApp, Agenda escolar, Reuni√µes presenciais;Adequada;Sempre;Boa;Adequados;Boa;Muito bom;R√°pida e eficiente;Sempre;Bom;Qualidade do ensino, Aten√ß√£o individualizada, Valores e princ√≠pios, Infraestrutura, Relacionamento fam√≠lia-escola, Tradi√ß√£o e credibilidade;10;Ainda estou avaliando;Quest√µes financeiras;Aten√ß√£o e valoriza√ß√£o por cada aluno ;N√£o tenho nada √† pedir ;;
25/08/2025 11:36:23;Ensino Fundamental - 1¬∫ ano, Ensino Fundamental - 6¬∫ ao 9¬∫ ano;5 anos ou mais;Muito bom;Dentro das expectativas;√â adequada;Bom;Boa;WhatsApp;Adequada;Sempre;Boa;Adequados;Boa;Bom;Adequada;Sempre;Bom;Qualidade do ensino, Valores e princ√≠pios;8;Ainda estou avaliando;Quest√µes financeiras;participacao (conhece o aluno individual) e ensino ;naooo tenho reclama√ß√£o;nao ;nao 
25/08/2025 11:36:53;Educa√ß√£o Infantil - Maternal, Ensino Fundamental - 2¬∫ ano;Entre 2 a 4 anos;Muito bom;Acima das expectativas;Atende completamente;Muito bom;Muito boa;WhatsApp, Agenda escolar;Adequada;Na maioria das vezes;Boa;Adequados;Muito boa;Muito bom;R√°pida e eficiente;Sempre;Muito bom;Qualidade do ensino, Aten√ß√£o individualizada, Valores e princ√≠pios, Relacionamento fam√≠lia-escola, Tradi√ß√£o e credibilidade;9;J√° decidi renovar a matr√≠cula;;Acolhimento ;Acredito que nada ;N√£o ;
25/08/2025 11:37:00;Ensino Fundamental - 6¬∫ ao 9¬∫ ano;5 anos ou mais;Excelente;Dentro das expectativas;Atende completamente;Excelente;Excelente;WhatsApp;Adequada;Sempre;Muito boa;Adequados;Excelente;Muito bom;R√°pida e eficiente;Sempre;Muito bom;Qualidade do ensino, Aten√ß√£o individualizada, Valores e princ√≠pios, Metodologia pedag√≥gica, Atividades extracurriculares;10;J√° decidi renovar a matr√≠cula;;Sim. ;Salas tem√°ticas.;Est√° tudo √≥timo.;A escola √© √≥tima.
25/08/2025 11:37:37;Ensino Fundamental - 6¬∫ ao 9¬∫ ano;5 anos ou mais;Muito bom;Dentro das expectativas;Atende parcialmente;Muito bom;Boa;WhatsApp;Adequada;Na maioria das vezes;Precisa melhorar;Adequados;Boa;Muito bom;Adequada;Sempre;Regular;Relacionamento fam√≠lia-escola;10;Provavelmente vou renovar;;As turmas das salas de aula ,tem uma quantidade de alunos pequenas .Isso facilita para que o professor consiga ensinar de forma individual caso o aluno necessite.;As instala√ß√µes,por exemplo ventiladores nas salas de aula .Pois em √©poca de calor todos sofrem.;As instala√ß√µes,por exemplo ventiladores nas salas de aula .Pois em √©poca de calor todos sofrem.;
25/08/2025 11:37:58;Ensino Fundamental - 2¬∫ ano;Entre 2 a 4 anos;Muito bom;Dentro das expectativas;Precisa de ajustes;Bom;Boa;WhatsApp, Agenda escolar;Adequada;Na maioria das vezes;Boa;Parcialmente adequados;Boa;Muito bom;Demorada;Na maioria das vezes;Muito bom;Relacionamento fam√≠lia-escola, Tradi√ß√£o e credibilidade, Localiza√ß√£o;9;Ainda estou avaliando;Busca por escola com metodologia diferente;A acessibilidade com a dire√ß√£o ;No meu caso adapta√ß√£o para crian√ßas at√≠picas , incluindo espa√ßo para avalia√ß√µes e materiais adaptativos. ;Professores com cursos aba , sabendo lidar com crian√ßas at√≠picas e reconhecer qd a crian√ßa necessita de cuidados diferenciados e aten√ß√£o necess√°ria . ;Esse ano n√£o estou muito satisfeita , pois pedi por tr√™s vezes reuni√£o com a professora e diretor para melhoria do ensino do rafa e fui ignorada. Espero que daqui por diante o di√°logo seja mais claro e como o Neuro pediu seja adaptado as necessidades da crian√ßa . 
25/08/2025 11:38:19;Ensino Fundamental - 6¬∫ ao 9¬∫ ano;5 anos ou mais;Excelente;Acima das expectativas;Atende completamente;Excelente;Excelente;WhatsApp;Adequada;Sempre;Muito boa;Muito adequados;Excelente;Muito bom;R√°pida e eficiente;Sempre;Excelente;Qualidade do ensino, Aten√ß√£o individualizada, Valores e princ√≠pios, Infraestrutura, Relacionamento fam√≠lia-escola, Metodologia pedag√≥gica, Tradi√ß√£o e credibilidade, Localiza√ß√£o, Atividades extracurriculares;10;J√° decidi renovar a matr√≠cula;;Tratamento por igual a todos ;Estou satisfeita com a escola no momento atende minhas necessidades ;No momento atende minhas necessidades ;Agradecer pela parceira, e a√≠ de mim se n√£o fosse o Cemel ü§ç
25/08/2025 11:39:39;Ensino Fundamental - 6¬∫ ao 9¬∫ ano;Entre 2 a 4 anos;Regular;Abaixo das expectativas;Precisa de ajustes;Bom;Muito boa;WhatsApp;Adequada;Na maioria das vezes;Boa;Parcialmente adequados;Regular;Muito bom;R√°pida e eficiente;Sempre;Bom;Relacionamento fam√≠lia-escola;6;J√° decidi n√£o renovar;Mudan√ßa de cidade/bairro;Trabalha a igualdade e inclus√£o ;Podia mandar mais li√ß√£o de casa e trabalhar melhor os livros que vem no  material did√°tico ;;
25/08/2025 11:39:58;Ensino Fundamental - 3¬∫ ano;Este √© o primeiro ano (2025);Excelente;Dentro das expectativas;Atende completamente;Excelente;Excelente;WhatsApp;Adequada;Sempre;Excelente;Muito adequados;Excelente;Excelente;Muito r√°pida e eficiente;Sempre;Excelente;Qualidade do ensino;10;Provavelmente vou renovar;;Estou satisfeita ;Mantendo a qualidade de ensino a prontid√£o dos professores;Tudo tranquilo;Estou satisfeita 
25/08/2025 11:42:40;Ensino Fundamental - 4¬∫ ano;Entre 2 a 4 anos;Muito bom;Dentro das expectativas;Atende completamente;Excelente;Muito boa;WhatsApp;Adequada;Sempre;Muito boa;Adequados;Muito boa;Muito bom;Muito r√°pida e eficiente;Sempre;Muito bom;Qualidade do ensino, ;10;Provavelmente vou renovar;;Ensinar ;Est√° √≥tima ;N√£o ;N√£o 
25/08/2025 11:43:03;Ensino Fundamental - 6¬∫ ao 9¬∫ ano;Este √© o primeiro ano (2025);Excelente;Dentro das expectativas;√â adequada;Muito bom;Muito boa;WhatsApp;Adequada;Na maioria das vezes;Boa;Adequados;Boa;Muito bom;R√°pida e eficiente;Na maioria das vezes;Excelente;Qualidade do ensino, Valores e princ√≠pios, Metodologia pedag√≥gica, Localiza√ß√£o, Atividades extracurriculares;8;J√° decidi renovar a matr√≠cula;;Disponibiliza um bom estudo com atividades ;Na infra e na parte de tecnologia e rob√≥tica ;Investir em laborat√≥rio de tecnologia e rob√≥tica ;
25/08/2025 11:44:14;Educa√ß√£o Infantil - Maternal;Entre 2 a 4 anos;Muito bom;Acima das expectativas;Atende completamente;Excelente;Muito boa;WhatsApp, Agenda escolar;Adequada;Sempre;Muito boa;Adequados;Muito boa;Muito bom;R√°pida e eficiente;Sempre;Muito bom;Qualidade do ensino, Valores e princ√≠pios, Relacionamento fam√≠lia-escola, Localiza√ß√£o;10;J√° decidi renovar a matr√≠cula;;Acredito que trabalhos em grupos e exposi√ß√µes do mesmo, faz com que possam desinibir e aprender de uma forma bem legal. ;No meu ponto de vista, n√£o tem algo que precise melhorar. Quando precisei resolver algo foram sol√≠citos e atenderam o que precisava. ;;S√≥ agradecer pela parceria, e dedica√ß√£o. Esse ano o Bernardo teve um grande avan√ßo em varias habilidades. A tia Michele est√° fazendo um belo trabalho, o Bernardo me conta sempre como foi a aula, e sabendo que ele est√° feliz a at√© sente falta e saudades da escola quando n√£o vai ou est√° de f√©rias, me deixa com o cora√ß√£o tranquilo em saber que esta tudo indo bem.  
25/08/2025 11:46:44;Ensino Fundamental - 5¬∫ ano;Entre 2 a 4 anos;Bom;Dentro das expectativas;√â adequada;Muito bom;Muito boa;WhatsApp, Agenda escolar, Reuni√µes presenciais, Telefone;Adequada;Sempre;Regular;Parcialmente adequados;Boa;Muito bom;Adequada;Sempre;Regular;Valores e princ√≠pios, Relacionamento fam√≠lia-escola, Metodologia pedag√≥gica, Tradi√ß√£o e credibilidade;8;Provavelmente vou renovar;;Atividades pedag√≥gicas - aten√ß√£o que d√£o para os alunos.;Infraestrutura ;N√£o ;Agradecer o carinho e aten√ß√£o que sempre dedicaram ao meu filho.
25/08/2025 11:49:48;Ensino Fundamental - 3¬∫ ano;Entre 2 a 4 anos;Muito bom;Dentro das expectativas;Atende parcialmente;Bom;Boa;WhatsApp, Agenda escolar;Adequada;Na maioria das vezes;Muito boa;Adequados;Muito boa;Muito bom;R√°pida e eficiente;Sempre;Muito bom;Qualidade do ensino, Valores e princ√≠pios, Infraestrutura, Tradi√ß√£o e credibilidade, Localiza√ß√£o, Atividades extracurriculares;10;J√° decidi renovar a matr√≠cula;;Atividades extras;Comunica√ß√£o com todos os professores com os pais, n√£o s√≥ da professora principal.;;
25/08/2025 11:51:46;Educa√ß√£o Infantil - Maternal, Ensino Fundamental - 2¬∫ ano;Entre 2 a 4 anos;Excelente;Muito acima das expectativas;Atende completamente;Excelente;Excelente;WhatsApp;Adequada;Sempre;Muito boa;Muito adequados;Muito boa;Excelente;Muito r√°pida e eficiente;Sempre;Excelente;Qualidade do ensino, Aten√ß√£o individualizada, Valores e princ√≠pios, Relacionamento fam√≠lia-escola, Metodologia pedag√≥gica, Tradi√ß√£o e credibilidade, Atividades extracurriculares;10;J√° decidi renovar a matr√≠cula;;Al√©m do ensino, como tratam nossos filhos, o respeito, a educa√ß√£o, os valores que s√£o passados para nossos filhos, a confian√ßa na administra√ß√£o, na gest√£o, nos professores;A Infraestrutura quando chove, que tem alguns locais que apresentam goteira ;;Confio  100% na escola
25/08/2025 11:52:41;Ensino Fundamental - 1¬∫ ano;Entre 2 a 4 anos;Excelente;Acima das expectativas;Atende completamente;Excelente;Excelente;WhatsApp, Agenda escolar, Reuni√µes presenciais, Telefone;Adequada;Sempre;Muito boa;Adequados;Excelente;Excelente;Muito r√°pida e eficiente;Sempre;Excelente;Qualidade do ensino, Aten√ß√£o individualizada, Valores e princ√≠pios, Infraestrutura, Relacionamento fam√≠lia-escola, Metodologia pedag√≥gica, Tradi√ß√£o e credibilidade, Localiza√ß√£o, Atividades extracurriculares;10;J√° decidi renovar a matr√≠cula;;Gosto de tudo;Ter almo√ßo para as crian√ßas, principalmente para as crian√ßas que participaram das oficinas;Somente a parte de ter almo√ßo, como colocado a cima ;N√£o 
25/08/2025 11:55:04;Ensino Fundamental - 4¬∫ ano;Entre 2 a 4 anos;Muito bom;Dentro das expectativas;√â adequada;Bom;Boa;WhatsApp;Adequada;Na maioria das vezes;Precisa melhorar;Adequados;Boa;Regular;Adequada;Sempre;Bom;Qualidade do ensino, Valores e princ√≠pios, Relacionamento fam√≠lia-escola, Metodologia pedag√≥gica;10;J√° decidi renovar a matr√≠cula;;Acolhimento aos alunos e disciplina, gostei muito no dia do passeio uma senhora (acho que dona da escola) fazer ora√ß√£o com os alunos. ;.;.;.
25/08/2025 11:55:36;Ensino Fundamental - 5¬∫ ano;5 anos ou mais;Excelente;Acima das expectativas;Atende completamente;Excelente;Excelente;WhatsApp;Adequada;Sempre;Muito boa;Adequados;Excelente;Excelente;R√°pida e eficiente;Sempre;Excelente;Qualidade do ensino, Aten√ß√£o individualizada, Valores e princ√≠pios, Relacionamento fam√≠lia-escola;10;J√° decidi renovar a matr√≠cula;;O cuidado pelo alunos e ouvir os pais ;N/-;N/a;N/a
25/08/2025 12:00:20;Ensino Fundamental - 6¬∫ ao 9¬∫ ano;Entre 2 a 4 anos;Muito bom;Dentro das expectativas;√â adequada;Bom;Boa;WhatsApp, Reuni√µes presenciais;Adequada;Na maioria das vezes;Precisa melhorar;Adequados;Boa;Bom;Adequada;√Äs vezes;Regular;Valores e princ√≠pios, Relacionamento fam√≠lia-escola, Tradi√ß√£o e credibilidade;8;Ainda estou avaliando;Estamos avaliando a penalidade da Minha Filha fazer Curso t√©cnico no Ensino M√©dio ;No in√≠cio gostei muito da forma como fazem as avalia√ß√µes e de como avaliam com cada um com suas habilidades, foi efetivo para minha Filha ;"Nos espa√ßos das salas de aula, na minha opini√£o s√£o pequenas .
Na seguran√ßa ";Apesar de saber que s√£o cuidadosos, fico   um pouco receosa com as portas aberta( normalmente em dia de reuni√£o );No momento n√£o .
25/08/2025 12:05:38;Ensino Fundamental - 5¬∫ ano;5 anos ou mais;Excelente;Acima das expectativas;Atende completamente;Excelente;Muito boa;WhatsApp;Adequada;Sempre;Excelente;Adequados;Excelente;Excelente;Muito r√°pida e eficiente;Sempre;Excelente;Qualidade do ensino, Aten√ß√£o individualizada, Valores e princ√≠pios, Relacionamento fam√≠lia-escola, Localiza√ß√£o;10;Provavelmente vou renovar;;"A cultura organizacional da Cemel √© muito boa. As crian√ßas t√™m liberdade nas intera√ß√µes sociais, por√©m sempre com limites.

Al√©m disso, a disponibilidade da dire√ß√£o para resolu√ß√£o de problemas do dia a dia √© realmente um diferencial.";"Disponibilizar o conte√∫do transmitido em aula por mat√©ria. Por exemplo: aula de matem√°tica do dia XX/YY: p√°ginas 100, 101 e 102 e folha de exerc√≠cios.

A disponibiliza√ß√£o deste conte√∫do permitiria aos pais saber quais conte√∫dos a crian√ßa perdeu ao faltar em um determinado dia.

Eu imagino que os professores tenham um planejamento do conte√∫do a ser passado no dia, ent√£o o pedido seria para compartilhar esse planejamento com os pais (poderia criar uma pasta no Google Drive para cada turma e conceder permiss√£o somente aos e-mails dos pais daquela turma, ou algo do tipo).

Se precisar de mais esclarecimentos sobre essa sugest√£o ou precisar de ajuda para planejar esse compartilhamento de forma segura com os pais, eu posso apoi√°-los.";;
25/08/2025 12:08:24;Ensino Fundamental - 5¬∫ ano;5 anos ou mais;Regular;Dentro das expectativas;√â adequada;Bom;Excelente;WhatsApp;Adequada;Sempre;Boa;Parcialmente adequados;Muito boa;Muito bom;R√°pida e eficiente;Sempre;Muito bom;Aten√ß√£o individualizada, Valores e princ√≠pios, Relacionamento fam√≠lia-escola, Localiza√ß√£o;10;J√° decidi renovar a matr√≠cula;;Interagi totalmente com alunos, principalmente qd tem algo acontecendo.;Arm√°rios para os livros,pois a mochila √© muito pesada,at√© mesmo para os pais carregar.;Arm√°rios para livros ;
25/08/2025 12:10:07;Educa√ß√£o Infantil - Pr√© II;Entre 2 a 4 anos;Muito bom;Acima das expectativas;√â adequada;Excelente;Excelente;Reuni√µes presenciais;Adequada;Sempre;Boa;Adequados;Boa;Excelente;Muito r√°pida e eficiente;Sempre;Muito bom;Qualidade do ensino;8;Provavelmente vou renovar;;Tudo;Port√£o ;N√£o ;Nao
25/08/2025 12:17:17;Ensino Fundamental - 3¬∫ ano;Entre 2 a 4 anos;Excelente;Muito acima das expectativas;Atende completamente;Excelente;Excelente;WhatsApp;Adequada;Sempre;Muito boa;Muito adequados;Excelente;Excelente;Muito r√°pida e eficiente;Sempre;Muito bom;Valores e princ√≠pios, Relacionamento fam√≠lia-escola;10;J√° decidi renovar a matr√≠cula;;Cuidado com as. Crian√ßas ;Para mim a localiza√ß√£o, se fizesse uma segunda unidade em Barueri seria perfeito ;;
25/08/2025 12:51:06;Ensino Fundamental - 1¬∫ ano, Ensino Fundamental - 4¬∫ ano;Entre 2 a 4 anos;Excelente;Dentro das expectativas;Atende completamente;Excelente;Excelente;WhatsApp, Agenda escolar;Adequada;Sempre;Excelente;Muito adequados;Excelente;Excelente;Muito r√°pida e eficiente;Sempre;Excelente;Qualidade do ensino, Valores e princ√≠pios, Relacionamento fam√≠lia-escola, Localiza√ß√£o;10;J√° decidi renovar a matr√≠cula;;A intera√ß√£o humanizada dos profissionais com os alunos. ;Mais atividades f√≠sicas para os alunos .;Aulas de Gest√£o financeira para crian√ßas, acho que algo muito importante que nossa gera√ß√£o nao teve , e que faz uma diferen√ßa enorme na forma√ß√£o de um adulto , e mesmo tendo todo feedback em reuni√µes dos alunos,  acho que uma vez por m√™s por meio de agenda ou relat√≥rio mesmo que seja simples como est√° o comportamento na sala ou nas atividades escolares,  para que n√≥s pais possa fazer uma corre√ß√£o mensalmente e ajuda de alguma forma . ;Acho que temos uma rela√ß√£o √≥tima com a escola , e que juntos vamos conseguir entregas √≥timas pessoas para sociedade . 
25/08/2025 13:20:54;Ensino Fundamental - 1¬∫ ano, Ensino Fundamental - 6¬∫ ao 9¬∫ ano;Este √© o primeiro ano (2025);Muito bom;Dentro das expectativas;√â adequada;Bom;Boa;WhatsApp, Reuni√µes presenciais, Telefone;Adequada;Na maioria das vezes;Muito boa;Adequados;Boa;Bom;Adequada;Na maioria das vezes;Regular;Relacionamento fam√≠lia-escola;8;Ainda estou avaliando;Quest√µes financeiras;Tem empatia em abra√ßar  a fam√≠lia  e as crian√ßas  dando  sua melhor  forma  em nos  adequar  ao grupo cemel ;Valores das mensalidades  e descontos;Outras  escolas  quando se tem dois irm√£os  de 1 n√£o √©  cobrado  rematr√≠cula  ou matr√≠cula  escolar;Sou grata  a toda  assist√™ncia  Cemel
25/08/2025 13:22:47;Ensino Fundamental - 1¬∫ ano;Este √© o primeiro ano (2025);Muito bom;Acima das expectativas;Atende completamente;Muito bom;Excelente;WhatsApp, Agenda escolar, Reuni√µes presenciais;Adequada;Sempre;Muito boa;Adequados;Muito boa;Muito bom;R√°pida e eficiente;Na maioria das vezes;Excelente;Qualidade do ensino, Valores e princ√≠pios, Relacionamento fam√≠lia-escola, Metodologia pedag√≥gica, Tradi√ß√£o e credibilidade, Atividades extracurriculares;10;J√° decidi renovar a matr√≠cula;;Aten√ß√£o, cuidado, comunica√ß√£o, preocupa√ß√£o ;Nenhum sugest√£o no momento, caso tenha compartilho com vcs;;
25/08/2025 13:24:53;Ensino Fundamental - 6¬∫ ao 9¬∫ ano;5 anos ou mais;Excelente;Acima das expectativas;Atende completamente;Excelente;Excelente;WhatsApp;Excessiva;Sempre;Muito boa;Adequados;Muito boa;Excelente;Muito r√°pida e eficiente;Sempre;Excelente;Qualidade do ensino, Aten√ß√£o individualizada, Relacionamento fam√≠lia-escola, Metodologia pedag√≥gica, Tradi√ß√£o e credibilidade, Localiza√ß√£o, Atividades extracurriculares;10;J√° decidi renovar a matr√≠cula;;Os trabalhos escolares ;A quadra ;;O Cemel √© uma ben√ß√£o nas nossas vidas 
25/08/2025 13:30:37;Educa√ß√£o Infantil - Maternal;Este √© o primeiro ano (2025);Muito bom;Acima das expectativas;Atende completamente;Excelente;Excelente;WhatsApp;Adequada;Sempre;Excelente;Adequados;Excelente;Excelente;R√°pida e eficiente;Sempre;Excelente;Aten√ß√£o individualizada, Valores e princ√≠pios, Relacionamento fam√≠lia-escola, Tradi√ß√£o e credibilidade;10;J√° decidi renovar a matr√≠cula;;Transpar√™ncia e cuidado ;Como estamos a pouco tempo com nossa filha na escola ainda n√£o temos pontos negativos, somente agradecer pela dedica√ß√£o e cuidado com ela.;Pelo pouco tempo que nossa filha est√° na CEMEL at√© o momento estamos gostando dos cuidados prestados a Helo√≠sa ;
25/08/2025 13:38:19;Ensino Fundamental - 6¬∫ ao 9¬∫ ano;Meu filho est√° no √∫ltimo ano antes da formatura;Muito bom;Dentro das expectativas;Atende completamente;Muito bom;Boa;WhatsApp;Adequada;Sempre;Boa;Parcialmente adequados;Boa;Bom;R√°pida e eficiente;Sempre;Bom;Aten√ß√£o individualizada, Valores e princ√≠pios, Relacionamento fam√≠lia-escola;9;Ainda estou avaliando;Vai prestar Etec;Ensino ;Pra mim atende muito bem ;;
25/08/2025 13:49:02;Ensino Fundamental - 5¬∫ ano;5 anos ou mais;Muito bom;Dentro das expectativas;Atende parcialmente;Excelente;Excelente;WhatsApp, Agenda escolar, Reuni√µes presenciais;Adequada;Sempre;Muito boa;Adequados;Excelente;Excelente;R√°pida e eficiente;Sempre;Muito bom;Qualidade do ensino, Valores e princ√≠pios, Relacionamento fam√≠lia-escola;10;Provavelmente vou renovar;;A comunica√ß√£o com fam√≠lia ;Valores de passeios e lanches ;Ter refor√ßo escolar para quem est√° com dificuldade em alguma mat√©ria ;Colocar algu√©m na cozinha ( tia Josy) que trate melhor as crian√ßas, sempre rude, antip√°tica e dificulta o acesso das crian√ßas 
25/08/2025 14:09:33;Educa√ß√£o Infantil - Pr√© I, Ensino Fundamental - 2¬∫ ano;Este √© o primeiro ano (2025);Muito bom;Dentro das expectativas;Atende completamente;Excelente;Excelente;WhatsApp, Agenda escolar;Adequada;Sempre;Boa;Adequados;Boa;Muito bom;R√°pida e eficiente;Sempre;Bom;Qualidade do ensino, Aten√ß√£o individualizada, Valores e princ√≠pios, Relacionamento fam√≠lia-escola, Metodologia pedag√≥gica, Localiza√ß√£o;10;Provavelmente vou renovar;;Cuidam bem das crian√ßas com carinho e aten√ß√£o. Meus pequenos est√£o gostando bastante da escola. Eles come√ßaram faz pouco tempo e se adaptaram super r√°pido. ;Ainda n√£o conhe√ßo muito bem toda a estrutura e funcion√°rios da escola, pois meus filhos come√ßaram estudar na CEMEL esse m√™s de agosto/2025. Se por caso surgir alguma ideia at√© o final do ano, enviarei uma mensagem pra voc√™s.;Achei o custo dos uniformes muito elevado. Poderia ser um valor um pouco mais acess√≠vel quando se tem 2 filhos matriculados, poderiam fazer um pacote com desconto.;Como meus pequenos come√ßaram faz pouco tempo e eles est√£o gostando e se adaptaram super bem, pretendo deix√°-los estudando na CEMEL nos pr√≥ximos anos.
25/08/2025 14:13:26;Ensino Fundamental - 4¬∫ ano;Entre 2 a 4 anos;Excelente;Acima das expectativas;Atende completamente;Excelente;Excelente;WhatsApp, Agenda escolar, Telefone;Adequada;Sempre;Muito boa;Adequados;Muito boa;Excelente;R√°pida e eficiente;Sempre;Muito bom;Qualidade do ensino, Aten√ß√£o individualizada, Valores e princ√≠pios, Infraestrutura, Relacionamento fam√≠lia-escola, Metodologia pedag√≥gica;9;J√° decidi renovar a matr√≠cula;;O CEMEL se destaca pelo atendimento acolhedor e humanizado, sempre buscando entender as necessidades das pessoas.;Estou satisfeito com a escola.;;
25/08/2025 14:21:49;Educa√ß√£o Infantil - Maternal, Ensino Fundamental - 2¬∫ ano;5 anos ou mais;Excelente;Acima das expectativas;Atende completamente;Muito bom;Boa;WhatsApp, Telefone;Adequada;Na maioria das vezes;Muito boa;Adequados;Muito boa;Muito bom;R√°pida e eficiente;Sempre;Bom;Qualidade do ensino, Valores e princ√≠pios, Relacionamento fam√≠lia-escola, Metodologia pedag√≥gica;9;Provavelmente vou renovar;;Acho a parte do ensino excelente;Poderia melhorar o valor da mensalidade no periodo integral. Por exemplo, sempre tenho interesse em colocar, mas acho o valor muito alto.;N√£o.;N√£o.
25/08/2025 14:54:22;Educa√ß√£o Infantil - Pr√© I, Ensino Fundamental - 6¬∫ ao 9¬∫ ano;5 anos ou mais;Excelente;Dentro das expectativas;Atende completamente;Muito bom;Muito boa;WhatsApp, Agenda escolar;Adequada;Sempre;Muito boa;Adequados;Muito boa;Muito bom;R√°pida e eficiente;Sempre;Excelente;Aten√ß√£o individualizada, Valores e princ√≠pios, Relacionamento fam√≠lia-escola, Localiza√ß√£o;10;J√° decidi renovar a matr√≠cula;;Prioriza um ambiente seguro e acolhedor ;Inventir na infraestrutura ;N√£o ;N√£o 
25/08/2025 14:54:31;Educa√ß√£o Infantil - Pr√© II;Entre 2 a 4 anos;Excelente;Acima das expectativas;Atende completamente;Excelente;Excelente;WhatsApp, Agenda escolar, Reuni√µes presenciais, Telefone, Site da escola;Excessiva;Sempre;Muito boa;Adequados;Excelente;Excelente;Muito r√°pida e eficiente;Sempre;Excelente;Qualidade do ensino, Aten√ß√£o individualizada, Valores e princ√≠pios, Relacionamento fam√≠lia-escola, Metodologia pedag√≥gica, Tradi√ß√£o e credibilidade, Localiza√ß√£o;10;J√° decidi renovar a matr√≠cula;;Aprendizado. ;Lousa ;;
25/08/2025 15:05:32;Ensino Fundamental - 2¬∫ ano;Entre 2 a 4 anos;Excelente;Muito acima das expectativas;Atende completamente;Excelente;Excelente;WhatsApp, Agenda escolar;Adequada;Sempre;Excelente;Muito adequados;Excelente;Excelente;Muito r√°pida e eficiente;Sempre;Muito bom;Qualidade do ensino, Aten√ß√£o individualizada, Valores e princ√≠pios, Infraestrutura, Relacionamento fam√≠lia-escola, Metodologia pedag√≥gica, Tradi√ß√£o e credibilidade, Atividades extracurriculares;10;J√° decidi renovar a matr√≠cula;;Acolhimento , a minha filha ama a escola, os profissionais que nela trabalham ;Ao meu ver a escola √© maravilhosa ;N√£o , acho que est√° tudo perfeito ;N√£o 
25/08/2025 15:11:37;Ensino Fundamental - 1¬∫ ano;Entre 2 a 4 anos;Muito bom;Dentro das expectativas;√â adequada;Muito bom;Regular;WhatsApp;Adequada;Na maioria das vezes;Muito boa;Adequados;Boa;Bom;Demorada;Na maioria das vezes;Bom;Qualidade do ensino, Valores e princ√≠pios, Infraestrutura, Relacionamento fam√≠lia-escola, Tradi√ß√£o e credibilidade, Atividades extracurriculares;10;Provavelmente vou renovar;;cuidado, atividades extracurriculares, ensino;A Comunica√ß√£o no WhatsApp;Nao;N√£o 
25/08/2025 15:15:10;Ensino Fundamental - 3¬∫ ano;Entre 2 a 4 anos;Muito bom;Dentro das expectativas;√â adequada;Muito bom;Muito boa;WhatsApp, Agenda escolar;Adequada;Sempre;Muito boa;Adequados;Muito boa;Muito bom;Adequada;Sempre;Muito bom;Valores e princ√≠pios, Relacionamento fam√≠lia-escola, Localiza√ß√£o;9;Provavelmente vou renovar;;Tem valores e princ√≠pios morais;Quest√µes como o relacionamento entre os alunos, palestras sobre bullying e diferen√ßas entre as crian√ßas... de repente com aux√≠lio de um psic√≥logo.;Sim fazer palestras para unir mais as crian√ßas.. mostrar que ser diferente n√£o √© ruim, faz parte... estimular a integra√ß√£o entre eles.;N√£o. S√≥ isso mesmo. Muito obrigado a todos 
25/08/2025 15:24:20;Ensino Fundamental - 3¬∫ ano;Entre 2 a 4 anos;Excelente;Dentro das expectativas;Atende completamente;Excelente;Excelente;WhatsApp, Reuni√µes presenciais, Telefone, Recados via aluno;Adequada;Sempre;Boa;Adequados;Excelente;Excelente;Muito r√°pida e eficiente;Sempre;Bom;Qualidade do ensino, Aten√ß√£o individualizada, Valores e princ√≠pios, Relacionamento fam√≠lia-escola;10;J√° decidi renovar a matr√≠cula;;O acompanhamento pr√≥ximo dos alunos;Para mim se abrisse uma outra unidade em Barueri ;;Gosto muito do cuidado com as crian√ßas e s√≥ tenho a agradecer 
25/08/2025 15:29:30;Educa√ß√£o Infantil - Maternal;Entre 2 a 4 anos;Muito bom;Dentro das expectativas;√â adequada;Muito bom;Muito boa;WhatsApp, Agenda escolar, Telefone;Adequada;Na maioria das vezes;Muito boa;Adequados;Muito boa;Muito bom;R√°pida e eficiente;Sempre;Muito bom;Qualidade do ensino, Aten√ß√£o individualizada, Relacionamento fam√≠lia-escola;9;Provavelmente vou renovar;;Aten√ß√£o individualizada e acolhimento.;Acredito que intensificar a√ß√µes de conscientiza√ß√£o, como, por exemplo, a feira de reciclagem, que foi uma √≥tima a√ß√£o;;
25/08/2025 15:29:39;Ensino Fundamental - 4¬∫ ano;Entre 2 a 4 anos;Muito bom;Dentro das expectativas;Atende parcialmente;Bom;Precisa melhorar;WhatsApp;Adequada;√Äs vezes;Muito boa;Parcialmente adequados;Muito boa;Excelente;Adequada;Na maioria das vezes;Excelente;Valores e princ√≠pios;8;Ainda estou avaliando;Problemas espec√≠ficos com professores;Quest√µes de disciplinas ;Nas quest√£o das transparecia em todos requesitos;Quest√£o de uniforme, os alunos perde e n√£o s√£o encontrados ,poderia ser melhorado nesse quesito;
25/08/2025 15:31:33;Educa√ß√£o Infantil - Pr√© I, Ensino Fundamental - 1¬∫ ano;Entre 2 a 4 anos;Excelente;Acima das expectativas;Atende completamente;Excelente;Excelente;WhatsApp, Agenda escolar, Reuni√µes presenciais;Adequada;Sempre;Muito boa;Adequados;Muito boa;Excelente;Muito r√°pida e eficiente;Sempre;Muito bom;Qualidade do ensino, Aten√ß√£o individualizada, Valores e princ√≠pios, Relacionamento fam√≠lia-escola, Metodologia pedag√≥gica, Tradi√ß√£o e credibilidade, Atividades extracurriculares;10;J√° decidi renovar a matr√≠cula;;Acho que o ensino e a comunica√ß√£o sobre o que acontece s√£o excelentes. E as oficinas tamb√©m s√£o √≥timas!;...;Se poss√≠vel conceder um desconto diferenciado para os pais que tem mais de 1 filho matriculado na escola.;...
25/08/2025 15:35:38;Educa√ß√£o Infantil - Maternal;Entre 2 a 4 anos;Excelente;Muito acima das expectativas;Atende completamente;Excelente;Excelente;WhatsApp, Agenda escolar, Telefone;Excessiva;Sempre;Excelente;Adequados;Excelente;Excelente;R√°pida e eficiente;Sempre;Excelente;Qualidade do ensino, Valores e princ√≠pios, Relacionamento fam√≠lia-escola;10;J√° decidi renovar a matr√≠cula;;Ensina e cuida muito bem da minha filha;N√£o tem oque melhorar, ela j√° √© excelente ;;
25/08/2025 15:36:28;Educa√ß√£o Infantil - Pr√© II;Entre 2 a 4 anos;Excelente;Dentro das expectativas;Atende completamente;Muito bom;Excelente;WhatsApp, Recados via aluno;Adequada;Sempre;Boa;Parcialmente adequados;Boa;Excelente;R√°pida e eficiente;Sempre;Bom;Qualidade do ensino, Valores e princ√≠pios, Relacionamento fam√≠lia-escola, Metodologia pedag√≥gica;8;Ainda estou avaliando;Quest√µes financeiras, Busca por escola com metodologia diferente;O ensino para as crian√ßas √© satisfat√≥rio, juntamente com as demais atividades culturais.;Poderia proporcionar um card√°pio mais saud√°vel com frutas ao inv√©s de frituras e doces.;Poderia fornecer tamb√©m programas focados no desenvolvimento de alunos com transtornos globais do desenvolvimento, como o autismo.;Nada
25/08/2025 15:37:35;Ensino Fundamental - 4¬∫ ano;5 anos ou mais;Excelente;Dentro das expectativas;Atende completamente;Muito bom;Excelente;WhatsApp, Agenda escolar;Adequada;Sempre;Muito boa;Adequados;Excelente;Excelente;R√°pida e eficiente;Sempre;Excelente;Qualidade do ensino, Localiza√ß√£o;10;J√° decidi renovar a matr√≠cula;;A forma ‚Äúpuxada‚Äù de trabalhar com alunos em rela√ß√£o a educa√ß√£o e aprendizado deles ;Nada em mente at√© o momento;Nas aulas de inform√°tica deveriam trabalhar com os alunos a quest√£o de digita√ß√£o para terem conhecimento e mais agilidade futuramente e n√£o ficar brincando de jogos (coisa que n√£o deixo Valentina fazer em casa);N√£o 
25/08/2025 15:42:18;Ensino Fundamental - 6¬∫ ao 9¬∫ ano;5 anos ou mais;Muito bom;Dentro das expectativas;Precisa de ajustes;Muito bom;Excelente;Agenda escolar, Reuni√µes presenciais;Adequada;Sempre;Muito boa;Adequados;Muito boa;Excelente;R√°pida e eficiente;Sempre;Muito bom;Aten√ß√£o individualizada, Relacionamento fam√≠lia-escola, Tradi√ß√£o e credibilidade, Localiza√ß√£o;10;Provavelmente vou renovar;;Turma e quantidade de alunos por turma;a metodologia de ensino, li√ß√£o de casa, menos conteudista;na minha opini√£o, a escola precisa de mais espa√ßos alternativos para aula, como laborat√≥rio, salas mais ambientalizadas.;
25/08/2025 15:42:26;Ensino Fundamental - 2¬∫ ano;Entre 2 a 4 anos;Excelente;Acima das expectativas;Atende completamente;Excelente;Excelente;WhatsApp, Agenda escolar;Adequada;Sempre;Muito boa;Adequados;Excelente;Excelente;R√°pida e eficiente;Sempre;Muito bom;Qualidade do ensino, Aten√ß√£o individualizada, Valores e princ√≠pios, Relacionamento fam√≠lia-escola, Metodologia pedag√≥gica, Localiza√ß√£o;10;J√° decidi renovar a matr√≠cula;; ; ;;
25/08/2025 15:47:46;Educa√ß√£o Infantil - Pr√© II;Entre 2 a 4 anos;Excelente;Acima das expectativas;Atende completamente;Muito bom;Muito boa;WhatsApp, Reuni√µes presenciais, Telefone;Adequada;Sempre;Muito boa;Adequados;Muito boa;Muito bom;R√°pida e eficiente;Sempre;Muito bom;Qualidade do ensino, Valores e princ√≠pios, Infraestrutura, Relacionamento fam√≠lia-escola, Localiza√ß√£o;10;J√° decidi renovar a matr√≠cula;;O cuidado o respeito a responsabilidade que tem com cada crian√ßa. Um lugar onde consigo deixar meu filho despreocupada.;"O valor dos uniformes kkkk
E tira a taxa de rematr√≠cula. ";A possibilidade de ampliar a escola.para ter o ensino m√©dio.;No momento n√£o . 
25/08/2025 15:47:48;Ensino Fundamental - 5¬∫ ano;Entre 2 a 4 anos;Excelente;Acima das expectativas;Atende completamente;Excelente;Excelente;WhatsApp, Agenda escolar, Reuni√µes presenciais, Telefone;Adequada;Na maioria das vezes;Boa;Adequados;Muito boa;Excelente;Muito r√°pida e eficiente;Sempre;Excelente;Qualidade do ensino, Aten√ß√£o individualizada, Valores e princ√≠pios, Relacionamento fam√≠lia-escola, Metodologia pedag√≥gica, Tradi√ß√£o e credibilidade, Atividades extracurriculares;10;J√° decidi renovar a matr√≠cula;;Tratamento com os alunos, material de ensino, projetos.;Infraestrutura.;N√£o.;N√£o.
25/08/2025 15:48:19;Ensino Fundamental - 6¬∫ ao 9¬∫ ano;Entre 2 a 4 anos;Muito bom;Dentro das expectativas;Atende completamente;Excelente;Muito boa;WhatsApp;Adequada;Na maioria das vezes;Muito boa;Muito adequados;Muito boa;Muito bom;R√°pida e eficiente;Sempre;Excelente;Qualidade do ensino, Aten√ß√£o individualizada, Valores e princ√≠pios, Relacionamento fam√≠lia-escola, Metodologia pedag√≥gica;10;J√° decidi renovar a matr√≠cula;;O relacionamento , alunos e corpo docete;As oficinas, serem mais s√©rias ;N√£o ;Quando pergunto sobre as oficinas meu filho anda desmotivado,dizendo que √© feito de qualquer forma 
25/08/2025 15:48:36;Ensino Fundamental - 1¬∫ ano;Este √© o primeiro ano (2025);Excelente;Muito acima das expectativas;Atende completamente;Muito bom;Excelente;Telefone;Adequada;Sempre;Excelente;Muito adequados;Excelente;Excelente;Muito r√°pida e eficiente;Sempre;Muito bom;Qualidade do ensino;10;Ainda estou avaliando;Quest√µes financeiras;no ensino muito bom ;Pra mim t√° ok ;N√£o ;N√£o 
25/08/2025 15:49:46;Ensino Fundamental - 5¬∫ ano;5 anos ou mais;Excelente;Dentro das expectativas;Atende completamente;Excelente;Muito boa;WhatsApp, Telefone;Adequada;Sempre;Muito boa;Adequados;Excelente;Muito bom;R√°pida e eficiente;Sempre;Muito bom;Qualidade do ensino, Aten√ß√£o individualizada, Valores e princ√≠pios, Relacionamento fam√≠lia-escola, Metodologia pedag√≥gica, Tradi√ß√£o e credibilidade, Localiza√ß√£o, Atividades extracurriculares;8;J√° decidi renovar a matr√≠cula;;Tratamento individualizado para com aluno ;Quando chove as salas de cima molham e √© muito perigoso escorregar na passagem para descer ao banheiro . Acho perigoso ! Material did√°tico o custo √© alt√≠ssimo deveria ser feito diretamente pelos pais ! Valor de xerox $400 √© alt√≠ssimo pela quantidade de folhas utilizadas j√° que j√° se usa os livros ! Isso n√£o sai nem $100 caso pe√ßam na xerox de bairro que os estudantes tem descontos.;Sim ! Quando chove as salas de cima molham e √© muito perigoso escorregar na passagem para descer ao banheiro . Acho perigoso ! Material did√°tico o custo √© alt√≠ssimo deveria ser feito diretamente pelos pais ! Valor de xerox $400 √© alt√≠ssimo pela quantidade de folhas utilizadas j√° que j√° se usa os livros ! Isso n√£o sai nem $100 caso pe√ßam na xerox de bairro que os estudantes tem descontos.;N√£o 
25/08/2025 15:49:58;Ensino Fundamental - 6¬∫ ao 9¬∫ ano;Entre 2 a 4 anos;Muito bom;Dentro das expectativas;Atende parcialmente;Bom;Muito boa;WhatsApp, Reuni√µes presenciais;Adequada;Sempre;Regular;Parcialmente adequados;Muito boa;Excelente;R√°pida e eficiente;Sempre;Muito bom;Valores e princ√≠pios, Relacionamento fam√≠lia-escola, Tradi√ß√£o e credibilidade, Localiza√ß√£o;9;Provavelmente vou renovar;;Acolhe;Forma√ß√£o dos docentes, acompanhamento dos profissionais de sala de aula, para aulas mais din√¢micas e diversificada.;A sugest√£o √© a capacita√ß√£o dos profissionais que j√° s√£o maravilhosos, por√©m precisam de reciclagem.;O Cemel √© uma escola aben√ßoada, extens√£o dos nossos lares.
25/08/2025 15:50:22;Educa√ß√£o Infantil - Pr√© II, Ensino Fundamental - 4¬∫ ano;5 anos ou mais;Excelente;Muito acima das expectativas;Atende completamente;Excelente;Muito boa;WhatsApp, Agenda escolar, Reuni√µes presenciais, Telefone;Adequada;Na maioria das vezes;Muito boa;Adequados;Muito boa;Excelente;Muito r√°pida e eficiente;Sempre;Excelente;Qualidade do ensino, Aten√ß√£o individualizada, Valores e princ√≠pios, Relacionamento fam√≠lia-escola, Metodologia pedag√≥gica, Tradi√ß√£o e credibilidade, Atividades extracurriculares;10;J√° decidi renovar a matr√≠cula;;Proposta pedag√≥gica. Aprendizado baseado em projetos.;Talvez algum sistema de comunica√ß√£o mais efetivo.;;
25/08/2025 15:55:39;Ensino Fundamental - 6¬∫ ao 9¬∫ ano;5 anos ou mais;Muito bom;Acima das expectativas;Atende completamente;Muito bom;Muito boa;WhatsApp;Adequada;Sempre;Muito boa;Adequados;Muito boa;Bom;R√°pida e eficiente;Sempre;Muito bom;Qualidade do ensino;10;Provavelmente vou renovar;;Ensino muito bom ;N√£o tenho o que opinar no momento ;N√£o ;N√£o somente isso
25/08/2025 15:55:55;Educa√ß√£o Infantil - Pr√© I, Ensino Fundamental - 4¬∫ ano;5 anos ou mais;Muito bom;Acima das expectativas;Atende completamente;Muito bom;Muito boa;WhatsApp;Adequada;Sempre;Precisa melhorar;Adequados;Boa;Excelente;Adequada;Sempre;Muito bom;Aten√ß√£o individualizada, Valores e princ√≠pios, Tradi√ß√£o e credibilidade;10;J√° decidi renovar a matr√≠cula;;Reconhecimento de cada crian√ßa. ;As instala√ß√µes. Precisa de reformas.;;
25/08/2025 15:56:59;Ensino Fundamental - 6¬∫ ao 9¬∫ ano;5 anos ou mais;Muito bom;Dentro das expectativas;√â adequada;Muito bom;Muito boa;WhatsApp;Adequada;Sempre;Regular;Adequados;Excelente;Excelente;Muito r√°pida e eficiente;Sempre;Bom;Relacionamento fam√≠lia-escola, Tradi√ß√£o e credibilidade, Localiza√ß√£o;9;Provavelmente vou renovar;;Nada a declarar ;Est√° √≥timo ;Melhoria no valor dos livros ;
25/08/2025 15:59:28;Ensino Fundamental - 6¬∫ ao 9¬∫ ano;5 anos ou mais;Excelente;Muito acima das expectativas;Atende completamente;Muito bom;Excelente;WhatsApp;Adequada;Sempre;Excelente;Muito adequados;Excelente;Muito bom;Muito r√°pida e eficiente;Sempre;Muito bom;Qualidade do ensino;10;J√° decidi renovar a matr√≠cula;;Admiro o comprometimento com o ensino e tamb√©m a responsabilidade individual com cada aluno.;Na minha opini√£o est√° tudo dentro dos padr√µes e m√©todos de ensino eficaz. ;N√£o ,acho que tudo dentro das normas.;
25/08/2025 16:07:49;Ensino Fundamental - 6¬∫ ao 9¬∫ ano;5 anos ou mais;Bom;Acima das expectativas;Atende completamente;Excelente;Muito boa;WhatsApp;Adequada;Na maioria das vezes;Muito boa;Adequados;Muito boa;Excelente;R√°pida e eficiente;Sempre;Bom;Qualidade do ensino, Aten√ß√£o individualizada, Relacionamento fam√≠lia-escola, Localiza√ß√£o, Atividades extracurriculares;10;Provavelmente n√£o vou renovar;Vai para a Etec ;A parceria ;Valores do uniforme, matr√≠cula/rematr√≠cula ;N√£o ;N√£o 
25/08/2025 16:15:47;Ensino Fundamental - 6¬∫ ao 9¬∫ ano;Entre 2 a 4 anos;Excelente;Dentro das expectativas;Atende completamente;Excelente;Excelente;WhatsApp;Adequada;Sempre;Excelente;Muito adequados;Excelente;Excelente;Muito r√°pida e eficiente;Sempre;Excelente;Qualidade do ensino, Aten√ß√£o individualizada, Valores e princ√≠pios, Infraestrutura, Relacionamento fam√≠lia-escola, Metodologia pedag√≥gica, Tradi√ß√£o e credibilidade, Localiza√ß√£o, Atividades extracurriculares;10;J√° decidi renovar a matr√≠cula;;Acompanhamento do aluno ;A quadra da escola ;N√£o ;N√£o 
25/08/2025 16:19:03;Educa√ß√£o Infantil - Pr√© II, Ensino Fundamental - 4¬∫ ano;Entre 2 a 4 anos;Muito bom;Acima das expectativas;Atende completamente;Excelente;Excelente;WhatsApp, Agenda escolar, Reuni√µes presenciais;Adequada;Sempre;Boa;Adequados;Excelente;Muito bom;R√°pida e eficiente;Sempre;Muito bom;Qualidade do ensino, Aten√ß√£o individualizada, Valores e princ√≠pios, Infraestrutura, Relacionamento fam√≠lia-escola, Metodologia pedag√≥gica, Tradi√ß√£o e credibilidade, Localiza√ß√£o, Atividades extracurriculares;10;J√° decidi renovar a matr√≠cula;;A dedica√ßao carinho e preocupa√ß√£o voltada para os alunos ;Falta de um espa√ßo maior nas apresenta√ß√µes;;
25/08/2025 16:24:18;Ensino Fundamental - 4¬∫ ano;Entre 2 a 4 anos;Excelente;Acima das expectativas;Atende completamente;Muito bom;Muito boa;WhatsApp, Agenda escolar, Telefone;Adequada;Na maioria das vezes;Boa;Adequados;Precisa melhorar;Muito bom;R√°pida e eficiente;Na maioria das vezes;Muito bom;Qualidade do ensino, Valores e princ√≠pios, Relacionamento fam√≠lia-escola, Metodologia pedag√≥gica, Tradi√ß√£o e credibilidade, Atividades extracurriculares;10;J√° decidi renovar a matr√≠cula;;Tem um grupo de professores muito capacitados e que oferecem resultados.;"- primeiramente a seguran√ßa, pois acho ambos as entradas muito vulner√°vel, f√°cil acesso para qualquer pessoa.
- Contratar professores substitutos para assim oferecer as aulas conforme informado na contrata√ß√£o, pois os professores tem imprevistos, por√©m os alunos n√£o podem ficar sem as aulas.";;
25/08/2025 16:24:36;Ensino Fundamental - 6¬∫ ao 9¬∫ ano;Entre 2 a 4 anos;Excelente;Acima das expectativas;Atende completamente;Excelente;Excelente;WhatsApp;Excessiva;Sempre;Muito boa;Adequados;Excelente;Excelente;R√°pida e eficiente;Sempre;Excelente;Qualidade do ensino, Aten√ß√£o individualizada, Valores e princ√≠pios, Relacionamento fam√≠lia-escola, Metodologia pedag√≥gica, Localiza√ß√£o;10;J√° decidi renovar a matr√≠cula;;Comunicado e ensino ;Ao meu ver a estrutura e qualidade da quadra ;Amplia√ß√£o da quadra ;Somente
25/08/2025 16:28:01;Ensino Fundamental - 6¬∫ ao 9¬∫ ano;5 anos ou mais;Muito bom;Acima das expectativas;Atende completamente;Muito bom;Muito boa;WhatsApp;Adequada;Sempre;Boa;Muito adequados;Muito boa;Muito bom;R√°pida e eficiente;Sempre;Excelente;Qualidade do ensino;10;Provavelmente vou renovar;;O ensino e a aten√ß√£o com os alunos;Nada...no geral a equipe √© nota 10,est√° sempre disposta a ajudar;;
25/08/2025 16:32:08;Ensino Fundamental - 1¬∫ ano, Ensino Fundamental - 4¬∫ ano;5 anos ou mais;Muito bom;Dentro das expectativas;√â adequada;Bom;Precisa melhorar;WhatsApp;Adequada;√Äs vezes;Muito boa;Adequados;Muito boa;Excelente;Muito r√°pida e eficiente;Sempre;Muito bom;Qualidade do ensino, Aten√ß√£o individualizada, Valores e princ√≠pios, Relacionamento fam√≠lia-escola, Tradi√ß√£o e credibilidade;10;Provavelmente vou renovar;;A aten√ß√£o que a Dire√ß√£o tem com os alunos, a forma de ensino;a comunica√ß√£o, algumas informa√ß√£o n√£o chegam antecipadamente;mais atividades para a turma do integral;
25/08/2025 16:59:12;Ensino Fundamental - 3¬∫ ano;Entre 2 a 4 anos;Muito bom;Dentro das expectativas;Atende completamente;Muito bom;Excelente;WhatsApp, Agenda escolar;Adequada;Sempre;Boa;Parcialmente adequados;Excelente;Excelente;Muito r√°pida e eficiente;Sempre;Bom;Aten√ß√£o individualizada, Relacionamento fam√≠lia-escola, Localiza√ß√£o, Atividades extracurriculares;10;J√° decidi renovar a matr√≠cula;;Atendimento individualizado ;Diminuir as suspens√£o das aulas do per√≠odo da tarde sempre que h√° evento programado para fim de semana.;Arm√°rios na escola para que as crian√ßas possam deixar os materiais. Al√©m do peso incompat√≠vel com a idade.  Ainda h√° aten√ß√£o ao subir e descer escadas o que aumenta o risco.;
25/08/2025 16:59:50;Ensino Fundamental - 5¬∫ ano;5 anos ou mais;Excelente;Acima das expectativas;Atende completamente;Excelente;Excelente;WhatsApp;Adequada;Sempre;Muito boa;Adequados;Muito boa;Excelente;Muito r√°pida e eficiente;Sempre;Excelente;Qualidade do ensino, Valores e princ√≠pios, Relacionamento fam√≠lia-escola;10;J√° decidi renovar a matr√≠cula;;√ìtimo ensino ;Acho a mochila que eles carregam muito pesada;Somente o peso da mochila mesmo ;Somente isso mesmo 
25/08/2025 17:11:32;Ensino Fundamental - 1¬∫ ano, Ensino Fundamental - 4¬∫ ano;Entre 2 a 4 anos;Excelente;Dentro das expectativas;Atende completamente;Excelente;Excelente;WhatsApp, Agenda escolar, Reuni√µes presenciais, Recados via aluno;Adequada;Sempre;Muito boa;Adequados;Excelente;Excelente;R√°pida e eficiente;Sempre;Excelente;Qualidade do ensino, Aten√ß√£o individualizada, Valores e princ√≠pios, Infraestrutura, Relacionamento fam√≠lia-escola, Metodologia pedag√≥gica, Tradi√ß√£o e credibilidade, Localiza√ß√£o, Atividades extracurriculares;10;J√° decidi renovar a matr√≠cula;;Gosto muito do modelo de ensino , o ambiente √© agrad√°vel e acolhedor .. todos em geral sempre educados e gentis . Sempre est√£o buscando melhorias seja na parte da educa√ß√£o quanto da estrutura . ;Tudo ok ! ;;
25/08/2025 17:17:42;Ensino Fundamental - 2¬∫ ano;Entre 2 a 4 anos;Excelente;Acima das expectativas;Atende completamente;Excelente;Excelente;WhatsApp;Adequada;Sempre;Muito boa;Muito adequados;Muito boa;Muito bom;R√°pida e eficiente;Sempre;Excelente;Qualidade do ensino, Valores e princ√≠pios, Relacionamento fam√≠lia-escola, Metodologia pedag√≥gica, Localiza√ß√£o, Atividades extracurriculares;10;J√° decidi renovar a matr√≠cula;;M√©todo de ensino dentro da sala de aula, percebe-se que as crian√ßas absorvem e aprendem com facilidade. E tamb√©m o relacionamento com os alunos.;O atendimento de todos os funcion√°rios da escola, de forma geral, √© bom. No entanto, acredito que poderia ser ainda melhor se houvesse um pouco mais de simpatia e cordialidade em alguns contatos. Desde o meu primeiro contato com a escola, notei em determinados momentos uma postura menos cort√™s de alguns funcion√°rios, com respostas que por vezes soam rudes tanto para pais como para alunos. Refor√ßar a aten√ß√£o a este ponto certamente contribuiria para um ambiente ainda mais acolhedor e positivo.;No momento n√£o.;No momento n√£o.
25/08/2025 17:47:10;Ensino Fundamental - 6¬∫ ao 9¬∫ ano;5 anos ou mais;Excelente;Abaixo das expectativas;N√£o atende;Excelente;Boa;WhatsApp;Adequada;Na maioria das vezes;Precisa melhorar;Parcialmente adequados;Muito boa;Excelente;R√°pida e eficiente;Sempre;Muito bom;Qualidade do ensino, Aten√ß√£o individualizada, Valores e princ√≠pios, Relacionamento fam√≠lia-escola, Tradi√ß√£o e credibilidade, Localiza√ß√£o;10;J√° decidi renovar a matr√≠cula;;Acolhimento, relacionamento familia/escola, ;Acredito complemente na qualidade de ensino do cemel, mais poderia investir em metodologia diferenciada para as crian√ßas especiais. Ter um auxiliar de classe e psicopedagos por exemplo em salas com essas crian√ßas, pois eles precisam de supervis√£o constante para conseguirem executar suas atividades;Professores auxiliares, pois percebo muitas crian√ßas necessitadas, n√£o somente o Arthur...;N√£o. Somente agradecer 
25/08/2025 17:58:22;Ensino Fundamental - 3¬∫ ano;Entre 2 a 4 anos;Bom;Dentro das expectativas;Atende completamente;Regular;Precisa melhorar;Agenda escolar;Insuficiente;Na maioria das vezes;Precisa melhorar;Parcialmente adequados;Boa;Precisa melhorar;Adequada;Sempre;Bom;Qualidade do ensino, Valores e princ√≠pios, Relacionamento fam√≠lia-escola, Metodologia pedag√≥gica, Tradi√ß√£o e credibilidade, Atividades extracurriculares;9;Provavelmente vou renovar;;M√©todo de ensino;Infraestrutura, Atendimento secretaria, organiza√ß√£o de eventos;Mais professores como a professora Talita e Edna;Somente 
25/08/2025 18:14:23;Ensino Fundamental - 4¬∫ ano;Entre 2 a 4 anos;Excelente;Acima das expectativas;Atende completamente;Excelente;Excelente;WhatsApp, Agenda escolar;Adequada;Sempre;Excelente;Muito adequados;Excelente;Excelente;Muito r√°pida e eficiente;Sempre;Muito bom;Qualidade do ensino, Valores e princ√≠pios, Infraestrutura, Relacionamento fam√≠lia-escola, Metodologia pedag√≥gica, Tradi√ß√£o e credibilidade, Atividades extracurriculares;10;J√° decidi renovar a matr√≠cula;;Promove a forma√ß√£o integral, o que inclui o desenvolvimento cognitivo e a constru√ß√£o do conhecimento, o aperfei√ßoamento das compet√™ncias socioemocionais, como empatia e respeito √† diversidade, e o est√≠mulo √† autonomia e √† cidadania respons√°vel.;Satisfeita. ( Nada a declarar).;;Apenas gratid√£o por tudo.
25/08/2025 18:17:54;Ensino Fundamental - 6¬∫ ao 9¬∫ ano;5 anos ou mais;Excelente;Abaixo das expectativas;√â adequada;Excelente;Excelente;WhatsApp;Adequada;Sempre;Muito boa;Adequados;Excelente;Excelente;Muito r√°pida e eficiente;Sempre;Regular;Aten√ß√£o individualizada, Valores e princ√≠pios, Relacionamento fam√≠lia-escola, Tradi√ß√£o e credibilidade;8;Ainda estou avaliando;Quest√µes financeiras;Ajuda muito na educa√ß√£o/cria√ß√£o das crian√ßas e nos princ√≠pios ;Mais li√ß√£o de casa ;Eu acho que no plano pedag√≥gico poderia incluir mais li√ß√µes de casa, vejo muito tempo ocioso, um exemplo b√°sico, √© tabuada, pego o Nathan e a Milena por exemplo, se voc√™ perguntar uma tabuada n√£o sabem, o que √© uma coisa b√°sica, e est√£o quase indo pro segundo gra;
25/08/2025 18:18:31;Ensino Fundamental - 6¬∫ ao 9¬∫ ano;5 anos ou mais;Excelente;Dentro das expectativas;Atende completamente;Excelente;Muito boa;WhatsApp, Agenda escolar;Adequada;Sempre;Boa;Adequados;Muito boa;Muito bom;R√°pida e eficiente;Sempre;Muito bom;Qualidade do ensino, Aten√ß√£o individualizada, Relacionamento fam√≠lia-escola, Localiza√ß√£o, Atividades extracurriculares;10;J√° decidi renovar a matr√≠cula;;Ensino humanizado.;Est√° tudo ok.;Salas tem√°ticas.;
25/08/2025 18:33:45;Ensino Fundamental - 6¬∫ ao 9¬∫ ano;Entre 2 a 4 anos;Excelente;Dentro das expectativas;Atende completamente;Precisa melhorar;Excelente;WhatsApp, Reuni√µes presenciais;Adequada;Sempre;Boa;Adequados;Muito boa;Excelente;R√°pida e eficiente;Sempre;Excelente;Aten√ß√£o individualizada, Valores e princ√≠pios, Relacionamento fam√≠lia-escola, Tradi√ß√£o e credibilidade;10;J√° decidi renovar a matr√≠cula;;O relacionamento entre escola e fam√≠lia, acolhimento especial.;No relacionamento entre prof e aluno, as vezes escutamos coisas em casa que nao s√£o agrad√°veis e s√£o ditas por prof espec√≠ficos.;;Continuem com esse relacionamento acolhedor que isso faz diferen√ßa .
25/08/2025 18:37:09;Ensino Fundamental - 2¬∫ ano;Entre 2 a 4 anos;Muito bom;Acima das expectativas;√â adequada;Muito bom;Boa;WhatsApp;Adequada;Na maioria das vezes;Muito boa;Adequados;Muito boa;Bom;Adequada;Na maioria das vezes;Bom;Qualidade do ensino, Localiza√ß√£o;8;Provavelmente vou renovar;;Ensino ;J√° ouvi meu filho e os amiguinhos dele reclamarem do professor J√∫nior!!! ;;
25/08/2025 18:37:31;Ensino Fundamental - 3¬∫ ano;Entre 2 a 4 anos;Muito bom;Dentro das expectativas;√â adequada;Excelente;Precisa melhorar;WhatsApp, Agenda escolar, Reuni√µes presenciais;Adequada;Sempre;Regular;Parcialmente adequados;Regular;Muito bom;R√°pida e eficiente;Sempre;Bom;Qualidade do ensino, Aten√ß√£o individualizada, Valores e princ√≠pios, Metodologia pedag√≥gica, Tradi√ß√£o e credibilidade;8;Ainda estou avaliando;Quest√µes financeiras;Metodologia de ensino ;Informa√ß√µes com anteced√™ncia. ;;
25/08/2025 18:54:27;Ensino Fundamental - 6¬∫ ao 9¬∫ ano;5 anos ou mais;Excelente;Acima das expectativas;Atende completamente;Excelente;Muito boa;WhatsApp;Adequada;Sempre;Muito boa;Adequados;Muito boa;Muito bom;R√°pida e eficiente;Sempre;Muito bom;Qualidade do ensino, Valores e princ√≠pios, Relacionamento fam√≠lia-escola, Metodologia pedag√≥gica, Atividades extracurriculares;9;Ainda estou avaliando;Busca por escola com metodologia diferente;A qualidade do ensino ; nada ;N√£o ;N√£o 
25/08/2025 19:14:16;Educa√ß√£o Infantil - Pr√© II;Entre 2 a 4 anos;Muito bom;Dentro das expectativas;√â adequada;Muito bom;Muito boa;WhatsApp;Adequada;Sempre;Regular;Adequados;Boa;Muito bom;R√°pida e eficiente;Sempre;Bom;Valores e princ√≠pios, Relacionamento fam√≠lia-escola, Tradi√ß√£o e credibilidade, Localiza√ß√£o;9;Ainda estou avaliando;Quest√µes financeiras;Orienta√ß√£o sobre os princ√≠pios e valores;Modernizar a sala de inform√°tica.;Reformar o porquinho.;. 
25/08/2025 19:18:28;Ensino Fundamental - 4¬∫ ano;Entre 2 a 4 anos;Muito bom;Dentro das expectativas;√â adequada;Muito bom;Muito boa;WhatsApp;Adequada;Sempre;Boa;Adequados;Muito boa;Muito bom;R√°pida e eficiente;Sempre;Bom;Valores e princ√≠pios, Relacionamento fam√≠lia-escola, Tradi√ß√£o e credibilidade, Localiza√ß√£o;9;Provavelmente vou renovar;;.;.;.;.
25/08/2025 19:21:29;Ensino M√©dio - 1¬∫ ano;5 anos ou mais;Excelente;Muito acima das expectativas;Atende completamente;Excelente;Excelente;WhatsApp;Adequada;Sempre;Excelente;Muito adequados;Excelente;Excelente;Muito r√°pida e eficiente;Sempre;Excelente;Qualidade do ensino, Aten√ß√£o individualizada, Valores e princ√≠pios, Infraestrutura, Relacionamento fam√≠lia-escola, Metodologia pedag√≥gica, Tradi√ß√£o e credibilidade, Localiza√ß√£o, Atividades extracurriculares, ;10;J√° decidi renovar a matr√≠cula;;Relacionamento  entre pais e mestres!;Est√°  tudo √≥timo!;"N√£o 
";"S√≥  agradecer. 
"
25/08/2025 19:57:03;Ensino Fundamental - 6¬∫ ao 9¬∫ ano;5 anos ou mais;Excelente;Muito acima das expectativas;Atende completamente;Excelente;Precisa melhorar;WhatsApp;Adequada;Na maioria das vezes;Precisa melhorar;Parcialmente adequados;Precisa melhorar;Muito bom;R√°pida e eficiente;Sempre;Precisa melhorar;Qualidade do ensino;9;Provavelmente n√£o vou renovar;Quest√µes financeiras;Qualidade do ensino ;Espa√ßo f√≠sico, comunicados mais claros, festa ou eventos tem que ser no final de semana.;;
25/08/2025 21:25:35;Ensino Fundamental - 4¬∫ ano;Entre 2 a 4 anos;Muito bom;Dentro das expectativas;Atende completamente;Excelente;Excelente;WhatsApp, Telefone;Adequada;Sempre;Boa;Adequados;Excelente;Excelente;R√°pida e eficiente;Sempre;Bom;Qualidade do ensino, Aten√ß√£o individualizada, Valores e princ√≠pios, Relacionamento fam√≠lia-escola;10;Ainda estou avaliando;Quest√µes financeiras;Did√°tica com os alunos na forma de aprendizagem, muito bom.;Pra mim est√° satisfat√≥rio ;;
25/08/2025 21:56:52;Ensino Fundamental - 4¬∫ ano;5 anos ou mais;Excelente;Acima das expectativas;Atende completamente;Muito bom;Excelente;WhatsApp, Telefone;Adequada;Sempre;Excelente;Adequados;Muito boa;Excelente;R√°pida e eficiente;Sempre;Excelente;Qualidade do ensino, Aten√ß√£o individualizada, Valores e princ√≠pios, Relacionamento fam√≠lia-escola, Tradi√ß√£o e credibilidade;10;Provavelmente vou renovar;;Educa√ß√£o,  resolve assuntos rapidamente ;Poderia ter mais banheiros. ;;"
"
25/08/2025 22:15:01;Ensino Fundamental - 6¬∫ ao 9¬∫ ano;Entre 2 a 4 anos;Muito bom;Acima das expectativas;Atende completamente;Muito bom;Muito boa;WhatsApp;Adequada;Na maioria das vezes;Muito boa;Muito adequados;Muito boa;Bom;Adequada;Na maioria das vezes;Muito bom;Qualidade do ensino, Aten√ß√£o individualizada, Metodologia pedag√≥gica, Localiza√ß√£o;10;J√° decidi renovar a matr√≠cula;;sem;sem;sem;sem
25/08/2025 22:27:53;Ensino Fundamental - 4¬∫ ano;5 anos ou mais;Muito bom;Dentro das expectativas;√â adequada;Bom;Boa;WhatsApp;Adequada;√Äs vezes;Regular;Adequados;Boa;Bom;Adequada;Na maioria das vezes;Regular;Qualidade do ensino, Valores e princ√≠pios, Relacionamento fam√≠lia-escola, Tradi√ß√£o e credibilidade, Localiza√ß√£o;7;Provavelmente vou renovar;;Ensino ;Estruturas;;
25/08/2025 22:48:48;Ensino Fundamental - 1¬∫ ano;Entre 2 a 4 anos;Muito bom;Dentro das expectativas;√â adequada;Excelente;Excelente;WhatsApp, Agenda escolar, Reuni√µes presenciais;Adequada;Sempre;Boa;Adequados;Boa;Excelente;Muito r√°pida e eficiente;Sempre;Bom;Qualidade do ensino, Valores e princ√≠pios, Relacionamento fam√≠lia-escola, Metodologia pedag√≥gica, Tradi√ß√£o e credibilidade;9;Provavelmente vou renovar;;Qualidade de ensino e o atendimento acolhedor e respeitoso.;.;;
25/08/2025 23:25:16;Ensino Fundamental - 3¬∫ ano;5 anos ou mais;Muito bom;Dentro das expectativas;Atende parcialmente;Excelente;Boa;WhatsApp, Agenda escolar;Adequada;Na maioria das vezes;Muito boa;Adequados;Muito boa;Muito bom;Adequada;Sempre;Muito bom;Aten√ß√£o individualizada, Valores e princ√≠pios, Relacionamento fam√≠lia-escola;10;Provavelmente vou renovar;;Conhece cada aluno pelo nome, e d√° aten√ß√£o a cada um deles dentro de suas necessidades deforma individualizada.;Acredito que nas aulas de inform√°tica as crian√ßas deveriam aprender a utilizar ao menos o b√°sico de dois programas como Word e o Excel ao inv√©s de ficarem somente em jogos. E ingl√™s ser um pouquinho mais avan√ßado,  pois do 1 ao 3 ano, n√£o vejo uma evolu√ß√£o no aprendizado.;A introdu√ß√£o de aulas de educa√ß√£o financeira e rob√≥tica,  seriam bem interessantes, no lugar das aulas de inform√°tica por exemplo.;No meu ponto de vista a escola vem evoluindo a cada ano mais, e creio que essa pesquisa venha a trazer mudan√ßas melhores ainda para o ano de 2026.
26/08/2025 00:14:05;Educa√ß√£o Infantil - Pr√© I;Entre 2 a 4 anos;Excelente;Dentro das expectativas;Atende completamente;Excelente;Excelente;WhatsApp, Agenda escolar, Reuni√µes presenciais;Adequada;Na maioria das vezes;Excelente;Muito adequados;Excelente;Excelente;Muito r√°pida e eficiente;Sempre;Excelente;Qualidade do ensino, Aten√ß√£o individualizada, Valores e princ√≠pios, Relacionamento fam√≠lia-escola, Metodologia pedag√≥gica, Tradi√ß√£o e credibilidade, Localiza√ß√£o;10;J√° decidi renovar a matr√≠cula;;Cordialidade, educa√ß√£o, interesse em resolver qualquer situa√ß√£o problema, responsabilidade, harmonia, respeito, aten√ß√£o necess√°ria e carinho.;Atualizar as salas com lousas brancas de canetas.;Vender menos doces na cantina.;
26/08/2025 08:24:13;Ensino Fundamental - 1¬∫ ano, Ensino Fundamental - 4¬∫ ano;Entre 2 a 4 anos;Excelente;Acima das expectativas;Atende completamente;Excelente;Excelente;WhatsApp, Agenda escolar;Adequada;Sempre;Excelente;Muito adequados;Boa;Excelente;R√°pida e eficiente;Sempre;Bom;Qualidade do ensino, Valores e princ√≠pios, Infraestrutura, Relacionamento fam√≠lia-escola, Metodologia pedag√≥gica, Tradi√ß√£o e credibilidade, Localiza√ß√£o, Atividades extracurriculares;10;J√° decidi renovar a matr√≠cula;;O Ensino muito bom, o acolhimento com o aluno.;Os lanches, colocando algo mais saud√°vel. ;Nao ;Nao 
26/08/2025 08:25:50;Ensino Fundamental - 6¬∫ ao 9¬∫ ano;5 anos ou mais;Muito bom;Dentro das expectativas;Atende completamente;Muito bom;Muito boa;WhatsApp;Adequada;Na maioria das vezes;Boa;Adequados;Muito boa;Bom;R√°pida e eficiente;Sempre;Bom;Valores e princ√≠pios;8;Provavelmente vou renovar;;Cuida dos valores √©ticos e morais dentro da escola. ;Vejo que voc√™s j√° est√£o focados nas melhorias necess√°rias ;;
26/08/2025 09:14:39;Ensino Fundamental - 2¬∫ ano;Entre 2 a 4 anos;Excelente;Dentro das expectativas;Atende completamente;Excelente;Muito boa;WhatsApp, Agenda escolar;Adequada;Sempre;Excelente;Muito adequados;Excelente;Excelente;Muito r√°pida e eficiente;Sempre;Excelente;Qualidade do ensino;10;Provavelmente vou renovar;;A evolu√ß√£o do aluno √© muito r√°pida;N√£o tem o reclamar ;N√£o tenho sugest√£o pra mim est√° excelente ;N√£o 
26/08/2025 09:59:23;Educa√ß√£o Infantil - Maternal, Educa√ß√£o Infantil - Pr√© I, Ensino Fundamental - 6¬∫ ao 9¬∫ ano;5 anos ou mais;Muito bom;Dentro das expectativas;Atende parcialmente;Excelente;Excelente;WhatsApp, Agenda escolar, Reuni√µes presenciais;Adequada;Sempre;Excelente;Adequados;Muito boa;Excelente;Muito r√°pida e eficiente;Sempre;Muito bom;Aten√ß√£o individualizada, Valores e princ√≠pios, Relacionamento fam√≠lia-escola, Metodologia pedag√≥gica;9;Provavelmente vou renovar;;o acolhimento.;refor√ßos para os alunos atrasados obrigat√≥rio para as oficinas ;;
26/08/2025 10:54:13;Ensino Fundamental - 3¬∫ ano;Entre 2 a 4 anos;Excelente;Dentro das expectativas;Atende completamente;Excelente;Precisa melhorar;Agenda escolar;Insuficiente;Sempre;Excelente;Adequados;Excelente;Excelente;Muito r√°pida e eficiente;Sempre;Muito bom;Qualidade do ensino;10;Provavelmente vou renovar;;Na minha opini√£o t√° tudo bem em todos os sentidos ;Acho a comunica√ß√£o dentro de sala de aula,  ;Nao ;Nao 
26/08/2025 15:45:29;Ensino Fundamental - 1¬∫ ano;Entre 2 a 4 anos;Muito bom;Dentro das expectativas;√â adequada;Muito bom;Muito boa;WhatsApp;Adequada;Na maioria das vezes;Boa;Adequados;Boa;Bom;Adequada;Sempre;Muito bom;Qualidade do ensino, Valores e princ√≠pios, Metodologia pedag√≥gica;9;J√° decidi renovar a matr√≠cula;;No ensino;Na estrutura escolar;N√£o;N√£o 
28/08/2025 18:20:43;Ensino Fundamental - 1¬∫ ano;Entre 2 a 4 anos;Bom;Dentro das expectativas;√â adequada;Bom;Boa;Telefone;Adequada;√Äs vezes;Regular;Adequados;Regular;Muito bom;Adequada;Sempre;Bom;Qualidade do ensino, Valores e princ√≠pios, Metodologia pedag√≥gica;10;Ainda estou avaliando;Problemas de comunica√ß√£o, ;O ENSINO;FAZER UMA REFORMA ;NAO;SE FOSSE POSSIVEL FAZER UMA COBERTURA NA ENTRADA 
29/08/2025 11:17:23;Educa√ß√£o Infantil - Pr√© I;Entre 2 a 4 anos;Muito bom;Dentro das expectativas;√â adequada;Muito bom;Excelente;WhatsApp, Agenda escolar, Reuni√µes presenciais;Adequada;Sempre;Muito boa;Adequados;Muito boa;Muito bom;R√°pida e eficiente;Na maioria das vezes;Muito bom;Qualidade do ensino, Aten√ß√£o individualizada, Valores e princ√≠pios, Relacionamento fam√≠lia-escola, Metodologia pedag√≥gica, Tradi√ß√£o e credibilidade;10;J√° decidi renovar a matr√≠cula;;Aten√ß√£o e cuidado ;N√£o identifiquei ;N√£o se aplica ;
29/08/2025 11:45:07;Ensino Fundamental - 6¬∫ ao 9¬∫ ano;5 anos ou mais;Precisa melhorar;Abaixo das expectativas;Atende parcialmente;Muito bom;Excelente;WhatsApp;Adequada;Sempre;Precisa melhorar;Parcialmente adequados;Muito boa;Excelente;Muito r√°pida e eficiente;Sempre;Bom;Aten√ß√£o individualizada, Valores e princ√≠pios, Relacionamento fam√≠lia-escola;8;Provavelmente n√£o vou renovar;O aluno n√£o vem dando resultados com o investimento que est√° sendo feito. Neste caso irei colocar em uma escola p√∫blica. E tentar investir o custo da escola em cursos ;A proximidade com as Fam√≠lias, a preocupa√ß√£o individual com cada aluno. Eu acho isso incr√≠vel ;as li√ß√µes, trabalhos poderiam ser todos postados em um portal. Hoje somente alguns s√£o postados no classroom. ;;
29/08/2025 14:39:14;Ensino Fundamental - 6¬∫ ao 9¬∫ ano;5 anos ou mais;Muito bom;Acima das expectativas;Atende parcialmente;Muito bom;Boa;WhatsApp;Adequada;√Äs vezes;Boa;Adequados;Boa;Bom;Adequada;√Äs vezes;Regular;Qualidade do ensino, Valores e princ√≠pios, Infraestrutura, Relacionamento fam√≠lia-escola, Metodologia pedag√≥gica, Localiza√ß√£o;9;Ainda estou avaliando;Quest√µes financeiras;Ensino;Ver qual √© a dificuldade do aluno;Observar os professores e os alunos, como √© feita a aula.;N√£o 